signature_id,cohort_id,cohens_d,cohens_d_var,direction_consistent,coverage_fraction,case_n,control_n
hallmark_ifng_response,sepsis_mortality_gse65682,-0.2888,0.011563,False,0.9,114,365
hallmark_ifna_response,sepsis_mortality_gse65682,-0.1671,0.011505,False,1.0,114,365
hallmark_inflammatory_response,sepsis_mortality_gse65682,-0.1081,0.011488,False,0.7,114,365
hallmark_hypoxia,sepsis_mortality_gse65682,0.293,0.011565,True,0.7667,114,365
hallmark_e2f_targets,sepsis_mortality_gse65682,0.3256,0.011586,True,0.8667,114,365
hallmark_emt,sepsis_mortality_gse65682,-0.1275,0.011492,False,0.5,114,365
hallmark_tnfa_nfkb,sepsis_mortality_gse65682,0.0053,0.011475,True,0.7333,114,365
curated_senescence,sepsis_mortality_gse65682,0.0924,0.011484,True,0.75,114,365
brittle_small_study_inflammation,sepsis_mortality_gse65682,-0.182,0.01151,False,0.75,114,365
brittle_platform_specific,sepsis_mortality_gse65682,0.0352,0.011477,True,0.55,114,365
brittle_single_tissue,sepsis_mortality_gse65682,-0.1142,0.011489,False,0.5,114,365
brittle_overfit_noise,sepsis_mortality_gse65682,0.0,1.0,False,0.26666666666666666,0,0
mixed_emt_inflammation,sepsis_mortality_gse65682,-0.2307,0.011531,False,0.5,114,365
mixed_hypoxia_stress,sepsis_mortality_gse65682,0.3934,0.011637,True,0.95,114,365
mixed_senescence_proliferation,sepsis_mortality_gse65682,0.2435,0.011537,True,0.8,114,365
confounded_proliferation,sepsis_mortality_gse65682,0.3182,0.011581,True,0.8,114,365
confounded_ribosomal,sepsis_mortality_gse65682,0.0695,0.011481,True,1.0,114,365
confounded_immune_infiltrate,sepsis_mortality_gse65682,-0.4395,0.011677,False,0.95,114,365
stealth_confounded_hypoxia_prolif,sepsis_mortality_gse65682,0.4976,0.011734,True,0.8,114,365
stealth_confounded_inflam_immune,sepsis_mortality_gse65682,-0.1423,0.011497,False,0.8,114,365
lowcov_olfactory_1,sepsis_mortality_gse65682,0.0,1.0,False,0.13333333333333333,0,0
lowcov_olfactory_2,sepsis_mortality_gse65682,0.0,1.0,False,0.2,0,0
blind_durable_ifn_composite,sepsis_mortality_gse65682,-0.1907,0.011513,False,0.92,114,365
blind_durable_hypoxia_core,sepsis_mortality_gse65682,0.2704,0.011552,True,0.85,114,365
blind_brittle_random,sepsis_mortality_gse65682,0.0,1.0,False,0.2,0,0
blind_mixed_emt_stress,sepsis_mortality_gse65682,0.177,0.011508,True,0.8,114,365
blind_confounded_prolif_inflam,sepsis_mortality_gse65682,0.226,0.011529,True,0.8,114,365
blind_confounded_stealth_emt_immune,sepsis_mortality_gse65682,-0.4387,0.011676,False,0.55,114,365
blind_lowcov_keratin,sepsis_mortality_gse65682,0.0,1.0,False,0.2,0,0
schoggins_2011_irg,sepsis_mortality_gse65682,-0.2136,0.011523,False,0.9474,114,365
hallmark_ifng_response,breast_prognosis_gse2034,-0.4071,0.01929,False,1.0,69,217
hallmark_ifna_response,breast_prognosis_gse2034,-0.2672,0.019125,False,0.9667,69,217
hallmark_inflammatory_response,breast_prognosis_gse2034,-0.5028,0.019442,False,0.9667,69,217
hallmark_hypoxia,breast_prognosis_gse2034,0.0623,0.019007,True,0.9667,69,217
hallmark_e2f_targets,breast_prognosis_gse2034,0.0766,0.01901,True,1.0,69,217
hallmark_emt,breast_prognosis_gse2034,0.2482,0.019108,True,0.9667,69,217
hallmark_tnfa_nfkb,breast_prognosis_gse2034,-0.4407,0.01934,False,0.9667,69,217
curated_senescence,breast_prognosis_gse2034,-0.1835,0.019059,False,1.0,69,217
brittle_small_study_inflammation,breast_prognosis_gse2034,-0.5581,0.019545,False,0.95,69,217
brittle_platform_specific,breast_prognosis_gse2034,-0.1297,0.01903,False,0.5,69,217
brittle_single_tissue,breast_prognosis_gse2034,-0.315,0.019174,False,1.0,69,217
brittle_overfit_noise,breast_prognosis_gse2034,-0.0946,0.019016,False,0.6667,69,217
mixed_emt_inflammation,breast_prognosis_gse2034,0.0775,0.019011,True,0.95,69,217
mixed_hypoxia_stress,breast_prognosis_gse2034,0.0689,0.019009,True,0.95,69,217
mixed_senescence_proliferation,breast_prognosis_gse2034,0.1585,0.019044,True,1.0,69,217
confounded_proliferation,breast_prognosis_gse2034,0.262,0.01912,True,1.0,69,217
confounded_ribosomal,breast_prognosis_gse2034,-0.0711,0.019009,False,1.0,69,217
confounded_immune_infiltrate,breast_prognosis_gse2034,-0.3999,0.01928,False,1.0,69,217
stealth_confounded_hypoxia_prolif,breast_prognosis_gse2034,0.1913,0.019064,True,1.0,69,217
stealth_confounded_inflam_immune,breast_prognosis_gse2034,-0.4144,0.0193,False,0.95,69,217
lowcov_olfactory_1,breast_prognosis_gse2034,0.0,1.0,False,0.26666666666666666,0,0
lowcov_olfactory_2,breast_prognosis_gse2034,-0.1024,0.019019,False,0.3333,69,217
blind_durable_ifn_composite,breast_prognosis_gse2034,-0.3001,0.019158,False,1.0,69,217
blind_durable_hypoxia_core,breast_prognosis_gse2034,0.0253,0.019001,True,1.0,69,217
blind_brittle_random,breast_prognosis_gse2034,0.0253,0.019001,True,0.6667,69,217
blind_mixed_emt_stress,breast_prognosis_gse2034,0.2418,0.019102,True,0.95,69,217
blind_confounded_prolif_inflam,breast_prognosis_gse2034,0.007,0.019,True,0.95,69,217
blind_confounded_stealth_emt_immune,breast_prognosis_gse2034,0.1021,0.019018,True,0.95,69,217
blind_lowcov_keratin,breast_prognosis_gse2034,-0.3126,0.019171,False,0.9333,69,217
schoggins_2011_irg,breast_prognosis_gse2034,-0.334,0.019195,False,0.7763,69,217
hallmark_ifng_response,breast_er_gse7390,-0.3976,0.02331,False,1.0,134,64
hallmark_ifna_response,breast_er_gse7390,-0.161,0.022977,False,0.9667,134,64
hallmark_inflammatory_response,breast_er_gse7390,-0.7518,0.024338,False,0.9667,134,64
hallmark_hypoxia,breast_er_gse7390,-1.0295,0.025587,False,0.9667,134,64
hallmark_e2f_targets,breast_er_gse7390,-1.2068,0.026589,False,1.0,134,64
hallmark_emt,breast_er_gse7390,-0.0068,0.022911,False,0.9667,134,64
hallmark_tnfa_nfkb,breast_er_gse7390,-0.5725,0.023739,False,0.9667,134,64
curated_senescence,breast_er_gse7390,-0.4647,0.023457,False,1.0,134,64
brittle_small_study_inflammation,breast_er_gse7390,-0.665,0.024028,False,0.95,134,64
brittle_platform_specific,breast_er_gse7390,0.3309,0.023188,True,0.5,134,64
brittle_single_tissue,breast_er_gse7390,-0.3977,0.023311,False,1.0,134,64
brittle_overfit_noise,breast_er_gse7390,-0.1163,0.022945,False,0.6667,134,64
mixed_emt_inflammation,breast_er_gse7390,-0.2373,0.023053,False,0.95,134,64
mixed_hypoxia_stress,breast_er_gse7390,-0.9263,0.025078,False,0.95,134,64
mixed_senescence_proliferation,breast_er_gse7390,-1.2923,0.027128,False,1.0,134,64
confounded_proliferation,breast_er_gse7390,-1.2047,0.026576,False,1.0,134,64
confounded_ribosomal,breast_er_gse7390,0.3545,0.023228,True,1.0,134,64
confounded_immune_infiltrate,breast_er_gse7390,-0.4234,0.023364,False,1.0,134,64
stealth_confounded_hypoxia_prolif,breast_er_gse7390,-1.5409,0.028907,False,1.0,134,64
stealth_confounded_inflam_immune,breast_er_gse7390,-0.8807,0.02487,False,0.95,134,64
lowcov_olfactory_1,breast_er_gse7390,0.0,1.0,False,0.26666666666666666,0,0
lowcov_olfactory_2,breast_er_gse7390,0.1781,0.022991,True,0.3333,134,64
blind_durable_ifn_composite,breast_er_gse7390,-0.3535,0.023227,False,1.0,134,64
blind_durable_hypoxia_core,breast_er_gse7390,-1.3128,0.027263,False,1.0,134,64
blind_brittle_random,breast_er_gse7390,-0.233,0.023048,False,0.6667,134,64
blind_mixed_emt_stress,breast_er_gse7390,0.0848,0.022929,True,0.95,134,64
blind_confounded_prolif_inflam,breast_er_gse7390,-1.3494,0.027509,False,0.95,134,64
blind_confounded_stealth_emt_immune,breast_er_gse7390,-0.0892,0.022931,False,0.95,134,64
blind_lowcov_keratin,breast_er_gse7390,-0.1084,0.022941,False,0.9333,134,64
schoggins_2011_irg,breast_er_gse7390,-0.2708,0.023096,False,0.7763,134,64
hallmark_ifng_response,hypoxia_cellline_gse53012,-0.7949,0.16842,False,1.0,18,9
hallmark_ifna_response,hypoxia_cellline_gse53012,-0.3082,0.158477,False,1.0,18,9
hallmark_inflammatory_response,hypoxia_cellline_gse53012,0.6763,0.165189,True,0.9333,18,9
hallmark_hypoxia,hypoxia_cellline_gse53012,3.5214,0.386354,True,1.0,18,9
hallmark_e2f_targets,hypoxia_cellline_gse53012,-1.1081,0.179459,False,1.0,18,9
hallmark_emt,hypoxia_cellline_gse53012,1.017,0.175872,True,1.0,18,9
hallmark_tnfa_nfkb,hypoxia_cellline_gse53012,0.97,0.174143,True,0.9667,18,9
curated_senescence,hypoxia_cellline_gse53012,0.5914,0.163195,True,0.95,18,9
brittle_small_study_inflammation,hypoxia_cellline_gse53012,0.7149,0.166184,True,0.95,18,9
brittle_platform_specific,hypoxia_cellline_gse53012,-0.614,0.163701,False,0.5,18,9
brittle_single_tissue,hypoxia_cellline_gse53012,0.8193,0.169148,True,0.95,18,9
brittle_overfit_noise,hypoxia_cellline_gse53012,-0.0038,0.156719,False,1.0,18,9
mixed_emt_inflammation,hypoxia_cellline_gse53012,0.8688,0.170697,True,1.0,18,9
mixed_hypoxia_stress,hypoxia_cellline_gse53012,2.5297,0.275227,True,0.95,18,9
mixed_senescence_proliferation,hypoxia_cellline_gse53012,0.5243,0.16181,True,0.95,18,9
confounded_proliferation,hypoxia_cellline_gse53012,0.1274,0.157019,True,1.0,18,9
confounded_ribosomal,hypoxia_cellline_gse53012,-0.3694,0.159246,False,0.85,18,9
confounded_immune_infiltrate,hypoxia_cellline_gse53012,0.5225,0.161774,True,0.9,18,9
stealth_confounded_hypoxia_prolif,hypoxia_cellline_gse53012,3.0025,0.323663,True,1.0,18,9
stealth_confounded_inflam_immune,hypoxia_cellline_gse53012,0.7529,0.167217,True,0.95,18,9
lowcov_olfactory_1,hypoxia_cellline_gse53012,0.4182,0.159958,True,0.5333,18,9
lowcov_olfactory_2,hypoxia_cellline_gse53012,0.4798,0.160981,True,0.6,18,9
blind_durable_ifn_composite,hypoxia_cellline_gse53012,-0.3895,0.159528,False,1.0,18,9
blind_durable_hypoxia_core,hypoxia_cellline_gse53012,2.9347,0.316212,True,1.0,18,9
blind_brittle_random,hypoxia_cellline_gse53012,-0.1268,0.157016,False,0.8667,18,9
blind_mixed_emt_stress,hypoxia_cellline_gse53012,1.4447,0.195372,True,0.95,18,9
blind_confounded_prolif_inflam,hypoxia_cellline_gse53012,0.4676,0.160768,True,1.0,18,9
blind_confounded_stealth_emt_immune,hypoxia_cellline_gse53012,0.8498,0.170092,True,1.0,18,9
blind_lowcov_keratin,hypoxia_cellline_gse53012,0.5942,0.163257,True,0.8667,18,9
schoggins_2011_irg,hypoxia_cellline_gse53012,-0.4174,0.159945,False,0.9474,18,9
hallmark_ifng_response,sepsis_blood_gse28750,-0.961,0.157394,False,1.0,10,20
hallmark_ifna_response,sepsis_blood_gse28750,-0.588,0.147763,False,1.0,10,20
hallmark_inflammatory_response,sepsis_blood_gse28750,0.6446,0.148926,True,0.9333,10,20
hallmark_hypoxia,sepsis_blood_gse28750,2.407,0.238564,True,1.0,10,20
hallmark_e2f_targets,sepsis_blood_gse28750,0.0411,0.14203,True,1.0,10,20
hallmark_emt,sepsis_blood_gse28750,0.7882,0.152356,True,1.0,10,20
hallmark_tnfa_nfkb,sepsis_blood_gse28750,0.0205,0.142008,True,0.9667,10,20
curated_senescence,sepsis_blood_gse28750,0.8481,0.153988,True,0.95,10,20
brittle_small_study_inflammation,sepsis_blood_gse28750,0.2531,0.143069,True,0.95,10,20
brittle_platform_specific,sepsis_blood_gse28750,-1.8877,0.201391,False,0.5,10,20
brittle_single_tissue,sepsis_blood_gse28750,0.8804,0.15492,True,0.95,10,20
brittle_overfit_noise,sepsis_blood_gse28750,1.6175,0.185606,True,1.0,10,20
mixed_emt_inflammation,sepsis_blood_gse28750,1.1247,0.163083,True,1.0,10,20
mixed_hypoxia_stress,sepsis_blood_gse28750,1.2926,0.169849,True,0.95,10,20
mixed_senescence_proliferation,sepsis_blood_gse28750,2.0066,0.209106,True,0.95,10,20
confounded_proliferation,sepsis_blood_gse28750,1.7376,0.192322,True,1.0,10,20
confounded_ribosomal,sepsis_blood_gse28750,-1.8365,0.198211,False,0.85,10,20
confounded_immune_infiltrate,sepsis_blood_gse28750,-1.9774,0.207172,False,0.9,10,20
stealth_confounded_hypoxia_prolif,sepsis_blood_gse28750,2.3872,0.236981,True,1.0,10,20
stealth_confounded_inflam_immune,sepsis_blood_gse28750,-0.0623,0.142066,False,0.95,10,20
lowcov_olfactory_1,sepsis_blood_gse28750,1.5162,0.180314,True,0.5333,10,20
lowcov_olfactory_2,sepsis_blood_gse28750,0.8228,0.153284,True,0.6,10,20
blind_durable_ifn_composite,sepsis_blood_gse28750,-0.7273,0.150818,False,1.0,10,20
blind_durable_hypoxia_core,sepsis_blood_gse28750,2.1597,0.219742,True,1.0,10,20
blind_brittle_random,sepsis_blood_gse28750,0.7504,0.151386,True,0.8667,10,20
blind_mixed_emt_stress,sepsis_blood_gse28750,1.4091,0.175093,True,0.95,10,20
blind_confounded_prolif_inflam,sepsis_blood_gse28750,1.823,0.197389,True,1.0,10,20
blind_confounded_stealth_emt_immune,sepsis_blood_gse28750,0.1356,0.142308,True,1.0,10,20
blind_lowcov_keratin,sepsis_blood_gse28750,0.6556,0.149164,True,0.8667,10,20
schoggins_2011_irg,sepsis_blood_gse28750,-0.4505,0.145384,False,0.9474,10,20
hallmark_ifng_response,tb_blood_gse19491,1.016,0.031986,True,1.0,103,52
hallmark_ifna_response,tb_blood_gse19491,0.9062,0.031305,True,0.9667,103,52
hallmark_inflammatory_response,tb_blood_gse19491,0.4944,0.029445,True,1.0,103,52
hallmark_hypoxia,tb_blood_gse19491,0.5637,0.029681,True,1.0,103,52
hallmark_e2f_targets,tb_blood_gse19491,0.147,0.028726,True,1.0,103,52
hallmark_emt,tb_blood_gse19491,0.5316,0.029568,True,1.0,103,52
hallmark_tnfa_nfkb,tb_blood_gse19491,0.4103,0.029199,True,1.0,103,52
curated_senescence,tb_blood_gse19491,0.5483,0.029626,True,1.0,103,52
brittle_small_study_inflammation,tb_blood_gse19491,0.6207,0.029899,True,1.0,103,52
brittle_platform_specific,tb_blood_gse19491,-0.0373,0.028661,False,0.5,103,52
brittle_single_tissue,tb_blood_gse19491,0.0868,0.02868,True,1.0,103,52
brittle_overfit_noise,tb_blood_gse19491,-0.1677,0.028747,False,0.9333,103,52
mixed_emt_inflammation,tb_blood_gse19491,0.4355,0.029268,True,1.0,103,52
mixed_hypoxia_stress,tb_blood_gse19491,0.601,0.029821,True,1.0,103,52
mixed_senescence_proliferation,tb_blood_gse19491,0.5713,0.029709,True,1.0,103,52
confounded_proliferation,tb_blood_gse19491,0.4288,0.029249,True,1.0,103,52
confounded_ribosomal,tb_blood_gse19491,-0.0498,0.028664,False,0.95,103,52
confounded_immune_infiltrate,tb_blood_gse19491,0.3447,0.029039,True,1.0,103,52
stealth_confounded_hypoxia_prolif,tb_blood_gse19491,0.6614,0.030067,True,1.0,103,52
stealth_confounded_inflam_immune,tb_blood_gse19491,0.3676,0.029092,True,1.0,103,52
lowcov_olfactory_1,tb_blood_gse19491,0.1616,0.02874,True,0.9333,103,52
lowcov_olfactory_2,tb_blood_gse19491,0.159,0.028738,True,0.9333,103,52
blind_durable_ifn_composite,tb_blood_gse19491,0.9307,0.03145,True,0.96,103,52
blind_durable_hypoxia_core,tb_blood_gse19491,0.5436,0.029609,True,1.0,103,52
blind_brittle_random,tb_blood_gse19491,0.0051,0.028656,True,0.8667,103,52
blind_mixed_emt_stress,tb_blood_gse19491,0.5581,0.029661,True,1.0,103,52
blind_confounded_prolif_inflam,tb_blood_gse19491,0.6308,0.029939,True,1.0,103,52
blind_confounded_stealth_emt_immune,tb_blood_gse19491,0.4357,0.029268,True,1.0,103,52
blind_lowcov_keratin,tb_blood_gse19491,0.102,0.02869,True,0.8667,103,52
schoggins_2011_irg,tb_blood_gse19491,0.9988,0.031874,True,0.9474,103,52
hallmark_ifng_response,ipf_lung_gse47460,-0.4797,0.01649,False,0.9333,193,91
hallmark_ifna_response,ipf_lung_gse47460,-0.3898,0.016352,False,0.9,193,91
hallmark_inflammatory_response,ipf_lung_gse47460,-0.6444,0.016815,False,0.8667,193,91
hallmark_hypoxia,ipf_lung_gse47460,0.3729,0.016329,True,0.8333,193,91
hallmark_e2f_targets,ipf_lung_gse47460,1.127,0.01832,True,0.9667,193,91
hallmark_emt,ipf_lung_gse47460,0.7783,0.017151,True,0.7667,193,91
hallmark_tnfa_nfkb,ipf_lung_gse47460,-0.8824,0.017455,False,0.9667,193,91
curated_senescence,ipf_lung_gse47460,0.3017,0.016245,True,0.95,193,91
brittle_small_study_inflammation,ipf_lung_gse47460,-0.6642,0.016861,False,0.9,193,91
brittle_platform_specific,ipf_lung_gse47460,0.6895,0.016921,True,0.55,193,91
brittle_single_tissue,ipf_lung_gse47460,-0.499,0.016523,False,0.85,193,91
brittle_overfit_noise,ipf_lung_gse47460,0.1261,0.016112,True,0.8667,193,91
mixed_emt_inflammation,ipf_lung_gse47460,0.3906,0.016353,True,0.8,193,91
mixed_hypoxia_stress,ipf_lung_gse47460,-0.0966,0.016101,False,0.85,193,91
mixed_senescence_proliferation,ipf_lung_gse47460,0.9207,0.017577,True,0.95,193,91
confounded_proliferation,ipf_lung_gse47460,1.2519,0.018844,True,1.0,193,91
confounded_ribosomal,ipf_lung_gse47460,0.7093,0.01697,True,0.95,193,91
confounded_immune_infiltrate,ipf_lung_gse47460,-0.2216,0.016171,False,0.8,193,91
stealth_confounded_hypoxia_prolif,ipf_lung_gse47460,0.768,0.017123,True,0.8,193,91
stealth_confounded_inflam_immune,ipf_lung_gse47460,-0.8326,0.017305,False,0.85,193,91
lowcov_olfactory_1,ipf_lung_gse47460,-0.3154,0.01626,False,0.5333,193,91
lowcov_olfactory_2,ipf_lung_gse47460,-0.4226,0.016399,False,0.6667,193,91
blind_durable_ifn_composite,ipf_lung_gse47460,-0.4382,0.016422,False,0.92,193,91
blind_durable_hypoxia_core,ipf_lung_gse47460,0.2884,0.016231,True,0.8,193,91
blind_brittle_random,ipf_lung_gse47460,0.206,0.016159,True,0.6667,193,91
blind_mixed_emt_stress,ipf_lung_gse47460,0.2885,0.016231,True,0.85,193,91
blind_confounded_prolif_inflam,ipf_lung_gse47460,0.394,0.016358,True,0.95,193,91
blind_confounded_stealth_emt_immune,ipf_lung_gse47460,0.2712,0.016214,True,0.7,193,91
blind_lowcov_keratin,ipf_lung_gse47460,-0.1529,0.016126,False,0.8,193,91
schoggins_2011_irg,ipf_lung_gse47460,-0.4169,0.01639,False,0.8816,193,91
hallmark_ifng_response,copd_lung_gse47460,-0.192,0.071156,False,0.9333,75,17
hallmark_ifna_response,copd_lung_gse47460,-0.4498,0.072055,False,0.9,75,17
hallmark_inflammatory_response,copd_lung_gse47460,0.2687,0.071348,True,0.9,75,17
hallmark_hypoxia,copd_lung_gse47460,0.3153,0.071496,True,0.8667,75,17
hallmark_e2f_targets,copd_lung_gse47460,0.2425,0.071276,True,0.9667,75,17
hallmark_emt,copd_lung_gse47460,-0.0517,0.07097,False,0.7667,75,17
hallmark_tnfa_nfkb,copd_lung_gse47460,0.1284,0.071046,True,1.0,75,17
curated_senescence,copd_lung_gse47460,0.3741,0.071717,True,1.0,75,17
brittle_small_study_inflammation,copd_lung_gse47460,0.29,0.071413,True,0.9,75,17
brittle_platform_specific,copd_lung_gse47460,0.8689,0.075059,True,0.55,75,17
brittle_single_tissue,copd_lung_gse47460,0.6057,0.07295,True,0.85,75,17
brittle_overfit_noise,copd_lung_gse47460,-0.289,0.07141,False,0.8667,75,17
mixed_emt_inflammation,copd_lung_gse47460,0.2531,0.071304,True,0.85,75,17
mixed_hypoxia_stress,copd_lung_gse47460,0.1339,0.071053,True,0.85,75,17
mixed_senescence_proliferation,copd_lung_gse47460,0.418,0.071906,True,1.0,75,17
confounded_proliferation,copd_lung_gse47460,0.2246,0.07123,True,1.0,75,17
confounded_ribosomal,copd_lung_gse47460,0.6878,0.073527,True,0.95,75,17
confounded_immune_infiltrate,copd_lung_gse47460,0.5263,0.072461,True,0.8,75,17
stealth_confounded_hypoxia_prolif,copd_lung_gse47460,0.1913,0.071155,True,0.8,75,17
stealth_confounded_inflam_immune,copd_lung_gse47460,0.2641,0.071335,True,0.9,75,17
lowcov_olfactory_1,copd_lung_gse47460,0.0396,0.070964,True,0.5333,75,17
lowcov_olfactory_2,copd_lung_gse47460,-0.078,0.070989,False,0.6667,75,17
blind_durable_ifn_composite,copd_lung_gse47460,-0.2931,0.071423,False,0.92,75,17
blind_durable_hypoxia_core,copd_lung_gse47460,0.3532,0.071634,True,0.85,75,17
blind_brittle_random,copd_lung_gse47460,-0.3273,0.071538,False,0.7333,75,17
blind_mixed_emt_stress,copd_lung_gse47460,-0.0183,0.070958,False,0.85,75,17
blind_confounded_prolif_inflam,copd_lung_gse47460,0.3747,0.071719,True,1.0,75,17
blind_confounded_stealth_emt_immune,copd_lung_gse47460,-0.0241,0.070959,False,0.7,75,17
blind_lowcov_keratin,copd_lung_gse47460,0.1015,0.071012,True,0.7333,75,17
schoggins_2011_irg,copd_lung_gse47460,-0.4271,0.071947,False,0.8684,75,17
hallmark_ifng_response,influenza_pbmc_gse101702,0.8821,0.03075,True,1.0,107,52
hallmark_ifna_response,influenza_pbmc_gse101702,1.3956,0.034428,True,1.0,107,52
hallmark_inflammatory_response,influenza_pbmc_gse101702,0.6232,0.029525,True,0.9667,107,52
hallmark_hypoxia,influenza_pbmc_gse101702,0.7021,0.029854,True,1.0,107,52
hallmark_e2f_targets,influenza_pbmc_gse101702,0.8235,0.030437,True,1.0,107,52
hallmark_emt,influenza_pbmc_gse101702,0.9804,0.031326,True,1.0,107,52
hallmark_tnfa_nfkb,influenza_pbmc_gse101702,0.5382,0.029215,True,1.0,107,52
curated_senescence,influenza_pbmc_gse101702,1.2279,0.033045,True,1.0,107,52
brittle_small_study_inflammation,influenza_pbmc_gse101702,0.6607,0.029676,True,0.95,107,52
brittle_platform_specific,influenza_pbmc_gse101702,-1.4108,0.034562,False,0.6,107,52
brittle_single_tissue,influenza_pbmc_gse101702,-0.0426,0.028309,False,1.0,107,52
brittle_overfit_noise,influenza_pbmc_gse101702,-0.3508,0.028691,False,1.0,107,52
mixed_emt_inflammation,influenza_pbmc_gse101702,0.8558,0.030607,True,1.0,107,52
mixed_hypoxia_stress,influenza_pbmc_gse101702,1.0062,0.031487,True,1.0,107,52
mixed_senescence_proliferation,influenza_pbmc_gse101702,1.2624,0.033315,True,1.0,107,52
confounded_proliferation,influenza_pbmc_gse101702,1.3416,0.033964,True,1.0,107,52
confounded_ribosomal,influenza_pbmc_gse101702,-1.3754,0.034253,False,1.0,107,52
confounded_immune_infiltrate,influenza_pbmc_gse101702,-1.1183,0.032237,False,0.95,107,52
stealth_confounded_hypoxia_prolif,influenza_pbmc_gse101702,1.2037,0.03286,True,1.0,107,52
stealth_confounded_inflam_immune,influenza_pbmc_gse101702,0.1415,0.028367,True,1.0,107,52
lowcov_olfactory_1,influenza_pbmc_gse101702,0.1563,0.028381,True,0.8667,107,52
lowcov_olfactory_2,influenza_pbmc_gse101702,0.5364,0.029209,True,1.0,107,52
blind_durable_ifn_composite,influenza_pbmc_gse101702,1.1922,0.032773,True,1.0,107,52
blind_durable_hypoxia_core,influenza_pbmc_gse101702,0.8629,0.030645,True,1.0,107,52
blind_brittle_random,influenza_pbmc_gse101702,0.6985,0.029838,True,1.0,107,52
blind_mixed_emt_stress,influenza_pbmc_gse101702,1.3081,0.033684,True,1.0,107,52
blind_confounded_prolif_inflam,influenza_pbmc_gse101702,1.4362,0.03479,True,1.0,107,52
blind_confounded_stealth_emt_immune,influenza_pbmc_gse101702,-0.0396,0.028309,False,1.0,107,52
blind_lowcov_keratin,influenza_pbmc_gse101702,0.0867,0.028327,True,1.0,107,52
schoggins_2011_irg,influenza_pbmc_gse101702,1.2739,0.033407,True,0.9737,107,52
hallmark_ifng_response,trauma_blood_gse36809,-0.0914,0.028202,False,1.0,820,37
hallmark_ifna_response,trauma_blood_gse36809,-0.1078,0.028204,False,1.0,820,37
hallmark_inflammatory_response,trauma_blood_gse36809,0.4505,0.028315,True,0.9,820,37
hallmark_hypoxia,trauma_blood_gse36809,0.9371,0.028709,True,0.9667,820,37
hallmark_e2f_targets,trauma_blood_gse36809,-0.0268,0.028197,False,1.0,820,37
hallmark_emt,trauma_blood_gse36809,0.1194,0.028205,True,1.0,820,37
hallmark_tnfa_nfkb,trauma_blood_gse36809,0.3538,0.02827,True,0.9333,820,37
curated_senescence,trauma_blood_gse36809,0.4012,0.028291,True,0.95,820,37
brittle_small_study_inflammation,trauma_blood_gse36809,0.4692,0.028325,True,0.9,820,37
brittle_platform_specific,trauma_blood_gse36809,-1.3461,0.029254,False,0.5,820,37
brittle_single_tissue,trauma_blood_gse36809,0.0248,0.028197,True,0.95,820,37
brittle_overfit_noise,trauma_blood_gse36809,-0.4026,0.028292,False,1.0,820,37
mixed_emt_inflammation,trauma_blood_gse36809,0.3818,0.028282,True,1.0,820,37
mixed_hypoxia_stress,trauma_blood_gse36809,0.7066,0.028488,True,0.95,820,37
mixed_senescence_proliferation,trauma_blood_gse36809,0.1332,0.028207,True,0.95,820,37
confounded_proliferation,trauma_blood_gse36809,0.2031,0.028221,True,1.0,820,37
confounded_ribosomal,trauma_blood_gse36809,-1.4183,0.029371,False,0.85,820,37
confounded_immune_infiltrate,trauma_blood_gse36809,-1.01,0.028792,False,0.9,820,37
stealth_confounded_hypoxia_prolif,trauma_blood_gse36809,0.5408,0.028368,True,1.0,820,37
stealth_confounded_inflam_immune,trauma_blood_gse36809,-0.0757,0.0282,False,0.9,820,37
lowcov_olfactory_1,trauma_blood_gse36809,-0.1,0.028203,False,0.3333,820,37
lowcov_olfactory_2,trauma_blood_gse36809,-0.1251,0.028206,False,0.3333,820,37
blind_durable_ifn_composite,trauma_blood_gse36809,-0.2963,0.028248,False,1.0,820,37
blind_durable_hypoxia_core,trauma_blood_gse36809,0.9252,0.028696,True,1.0,820,37
blind_brittle_random,trauma_blood_gse36809,-0.0514,0.028199,False,0.8,820,37
blind_mixed_emt_stress,trauma_blood_gse36809,0.4191,0.028299,True,0.95,820,37
blind_confounded_prolif_inflam,trauma_blood_gse36809,0.2357,0.028229,True,0.95,820,37
blind_confounded_stealth_emt_immune,trauma_blood_gse36809,-0.3781,0.02828,False,1.0,820,37
blind_lowcov_keratin,trauma_blood_gse36809,0.0798,0.028201,True,0.8667,820,37
schoggins_2011_irg,trauma_blood_gse36809,-0.0789,0.028201,False,0.9342,820,37
hallmark_ifng_response,hcc_liver_gse6764,0.9558,0.131725,True,1.0,38,10
hallmark_ifna_response,hcc_liver_gse6764,0.9381,0.131376,True,1.0,38,10
hallmark_inflammatory_response,hcc_liver_gse6764,-0.8362,0.129491,False,0.9333,38,10
hallmark_hypoxia,hcc_liver_gse6764,0.5078,0.124894,True,1.0,38,10
hallmark_e2f_targets,hcc_liver_gse6764,1.0479,0.133648,True,1.0,38,10
hallmark_emt,hcc_liver_gse6764,0.5863,0.12579,True,1.0,38,10
hallmark_tnfa_nfkb,hcc_liver_gse6764,-0.6137,0.126131,False,0.9667,38,10
curated_senescence,hcc_liver_gse6764,0.3585,0.123547,True,0.95,38,10
brittle_small_study_inflammation,hcc_liver_gse6764,-0.9449,0.131508,False,0.95,38,10
brittle_platform_specific,hcc_liver_gse6764,0.0818,0.122278,True,0.5,38,10
brittle_single_tissue,hcc_liver_gse6764,-1.4696,0.144705,False,0.95,38,10
brittle_overfit_noise,hcc_liver_gse6764,-0.5233,0.125061,False,1.0,38,10
mixed_emt_inflammation,hcc_liver_gse6764,-0.0825,0.122279,False,1.0,38,10
mixed_hypoxia_stress,hcc_liver_gse6764,-0.1252,0.122372,False,0.95,38,10
mixed_senescence_proliferation,hcc_liver_gse6764,1.2433,0.138311,True,0.95,38,10
confounded_proliferation,hcc_liver_gse6764,1.323,0.14044,True,1.0,38,10
confounded_ribosomal,hcc_liver_gse6764,0.2004,0.122626,True,0.85,38,10
confounded_immune_infiltrate,hcc_liver_gse6764,-0.1524,0.12245,False,0.9,38,10
stealth_confounded_hypoxia_prolif,hcc_liver_gse6764,0.8274,0.129339,True,1.0,38,10
stealth_confounded_inflam_immune,hcc_liver_gse6764,-0.6693,0.126874,False,0.95,38,10
lowcov_olfactory_1,hcc_liver_gse6764,-0.998,0.132583,False,0.5333,38,10
lowcov_olfactory_2,hcc_liver_gse6764,-1.4001,0.142628,False,0.6,38,10
blind_durable_ifn_composite,hcc_liver_gse6764,1.0217,0.133081,True,1.0,38,10
blind_durable_hypoxia_core,hcc_liver_gse6764,0.3942,0.123827,True,1.0,38,10
blind_brittle_random,hcc_liver_gse6764,-1.4877,0.145262,False,0.8667,38,10
blind_mixed_emt_stress,hcc_liver_gse6764,0.057,0.122242,True,0.95,38,10
blind_confounded_prolif_inflam,hcc_liver_gse6764,0.676,0.126969,True,1.0,38,10
blind_confounded_stealth_emt_immune,hcc_liver_gse6764,0.8198,0.12921,True,1.0,38,10
blind_lowcov_keratin,hcc_liver_gse6764,-1.1973,0.137142,False,0.8667,38,10
schoggins_2011_irg,hcc_liver_gse6764,1.1008,0.134831,True,0.9474,38,10
hallmark_ifng_response,crohn_intestine_gse112366,0.7191,0.04173,True,1.0,362,26
hallmark_ifna_response,crohn_intestine_gse112366,0.4934,0.041378,True,1.0,362,26
hallmark_inflammatory_response,crohn_intestine_gse112366,0.4478,0.041322,True,0.9667,362,26
hallmark_hypoxia,crohn_intestine_gse112366,1.1177,0.042674,True,1.0,362,26
hallmark_e2f_targets,crohn_intestine_gse112366,-0.11,0.041079,False,1.0,362,26
hallmark_emt,crohn_intestine_gse112366,0.4098,0.04128,True,1.0,362,26
hallmark_tnfa_nfkb,crohn_intestine_gse112366,0.5292,0.041425,True,1.0,362,26
curated_senescence,crohn_intestine_gse112366,0.7089,0.041712,True,1.0,362,26
brittle_small_study_inflammation,crohn_intestine_gse112366,0.6809,0.041661,True,1.0,362,26
brittle_platform_specific,crohn_intestine_gse112366,-0.5012,0.041387,False,0.6,362,26
brittle_single_tissue,crohn_intestine_gse112366,-0.4003,0.04127,False,0.95,362,26
brittle_overfit_noise,crohn_intestine_gse112366,-0.1748,0.041103,False,1.0,362,26
mixed_emt_inflammation,crohn_intestine_gse112366,0.4138,0.041284,True,1.0,362,26
mixed_hypoxia_stress,crohn_intestine_gse112366,0.8936,0.042093,True,1.0,362,26
mixed_senescence_proliferation,crohn_intestine_gse112366,0.437,0.04131,True,1.0,362,26
confounded_proliferation,crohn_intestine_gse112366,0.2184,0.041125,True,1.0,362,26
confounded_ribosomal,crohn_intestine_gse112366,-0.5219,0.041415,False,1.0,362,26
confounded_immune_infiltrate,crohn_intestine_gse112366,-0.1375,0.041088,False,0.95,362,26
stealth_confounded_hypoxia_prolif,crohn_intestine_gse112366,0.9047,0.042119,True,1.0,362,26
stealth_confounded_inflam_immune,crohn_intestine_gse112366,0.317,0.041193,True,0.95,362,26
lowcov_olfactory_1,crohn_intestine_gse112366,0.1211,0.041083,True,0.5333,362,26
lowcov_olfactory_2,crohn_intestine_gse112366,-0.1144,0.041081,False,0.6,362,26
blind_durable_ifn_composite,crohn_intestine_gse112366,0.4959,0.041381,True,1.0,362,26
blind_durable_hypoxia_core,crohn_intestine_gse112366,1.117,0.042672,True,1.0,362,26
blind_brittle_random,crohn_intestine_gse112366,-0.0102,0.041064,False,0.9333,362,26
blind_mixed_emt_stress,crohn_intestine_gse112366,0.6215,0.041562,True,1.0,362,26
blind_confounded_prolif_inflam,crohn_intestine_gse112366,0.5095,0.041398,True,1.0,362,26
blind_confounded_stealth_emt_immune,crohn_intestine_gse112366,0.316,0.041192,True,1.0,362,26
blind_lowcov_keratin,crohn_intestine_gse112366,-0.0573,0.041068,False,1.0,362,26
schoggins_2011_irg,crohn_intestine_gse112366,0.6296,0.041575,True,0.9605,362,26
hallmark_ifng_response,rsv_blood_gse34205,0.513,0.065493,True,1.0,51,22
hallmark_ifna_response,rsv_blood_gse34205,0.7678,0.067728,True,1.0,51,22
hallmark_inflammatory_response,rsv_blood_gse34205,0.4968,0.06538,True,0.9333,51,22
hallmark_hypoxia,rsv_blood_gse34205,0.9831,0.070311,True,1.0,51,22
hallmark_e2f_targets,rsv_blood_gse34205,1.3958,0.077034,True,1.0,51,22
hallmark_emt,rsv_blood_gse34205,0.1835,0.063921,True,1.0,51,22
hallmark_tnfa_nfkb,rsv_blood_gse34205,0.3896,0.06473,True,0.9667,51,22
curated_senescence,rsv_blood_gse34205,0.4418,0.065027,True,0.95,51,22
brittle_small_study_inflammation,rsv_blood_gse34205,0.6541,0.066621,True,0.95,51,22
brittle_platform_specific,rsv_blood_gse34205,0.285,0.064247,True,0.5,51,22
brittle_single_tissue,rsv_blood_gse34205,0.1297,0.063806,True,0.95,51,22
brittle_overfit_noise,rsv_blood_gse34205,-0.0468,0.063705,False,1.0,51,22
mixed_emt_inflammation,rsv_blood_gse34205,0.3973,0.064772,True,1.0,51,22
mixed_hypoxia_stress,rsv_blood_gse34205,0.9719,0.070159,True,0.95,51,22
mixed_senescence_proliferation,rsv_blood_gse34205,1.8091,0.086107,True,0.95,51,22
confounded_proliferation,rsv_blood_gse34205,1.6878,0.083201,True,1.0,51,22
confounded_ribosomal,rsv_blood_gse34205,0.3789,0.064674,True,0.85,51,22
confounded_immune_infiltrate,rsv_blood_gse34205,-0.3766,0.064662,False,0.9,51,22
stealth_confounded_hypoxia_prolif,rsv_blood_gse34205,1.6047,0.081328,True,1.0,51,22
stealth_confounded_inflam_immune,rsv_blood_gse34205,0.345,0.064506,True,0.95,51,22
lowcov_olfactory_1,rsv_blood_gse34205,-0.6113,0.06625,False,0.5333,51,22
lowcov_olfactory_2,rsv_blood_gse34205,-0.6811,0.066868,False,0.6,51,22
blind_durable_ifn_composite,rsv_blood_gse34205,0.6021,0.066173,True,1.0,51,22
blind_durable_hypoxia_core,rsv_blood_gse34205,0.7086,0.06713,True,1.0,51,22
blind_brittle_random,rsv_blood_gse34205,-0.2152,0.064008,False,0.8667,51,22
blind_mixed_emt_stress,rsv_blood_gse34205,0.8948,0.069175,True,0.95,51,22
blind_confounded_prolif_inflam,rsv_blood_gse34205,1.7485,0.08463,True,1.0,51,22
blind_confounded_stealth_emt_immune,rsv_blood_gse34205,-0.1585,0.063862,False,1.0,51,22
blind_lowcov_keratin,rsv_blood_gse34205,-0.2241,0.064034,False,0.8667,51,22
schoggins_2011_irg,rsv_blood_gse34205,0.736,0.067401,True,0.9474,51,22
hallmark_ifng_response,viral_challenge_gse73072,0.7141,0.005057,True,0.9667,861,272
hallmark_ifna_response,viral_challenge_gse73072,0.7527,0.005082,True,0.9,861,272
hallmark_inflammatory_response,viral_challenge_gse73072,0.1875,0.004847,True,0.9667,861,272
hallmark_hypoxia,viral_challenge_gse73072,0.1244,0.004838,True,0.9667,861,272
hallmark_e2f_targets,viral_challenge_gse73072,0.0068,0.004832,True,0.9667,861,272
hallmark_emt,viral_challenge_gse73072,0.0906,0.004835,True,0.9667,861,272
hallmark_tnfa_nfkb,viral_challenge_gse73072,0.1892,0.004847,True,1.0,861,272
curated_senescence,viral_challenge_gse73072,0.2024,0.00485,True,0.95,861,272
brittle_small_study_inflammation,viral_challenge_gse73072,0.2105,0.004851,True,1.0,861,272
brittle_platform_specific,viral_challenge_gse73072,-0.2649,0.004862,False,0.3,861,272
brittle_single_tissue,viral_challenge_gse73072,0.1487,0.004841,True,0.95,861,272
brittle_overfit_noise,viral_challenge_gse73072,0.0063,0.004832,True,0.5333,861,272
mixed_emt_inflammation,viral_challenge_gse73072,0.1924,0.004848,True,1.0,861,272
mixed_hypoxia_stress,viral_challenge_gse73072,0.1969,0.004849,True,0.95,861,272
mixed_senescence_proliferation,viral_challenge_gse73072,0.1004,0.004836,True,1.0,861,272
confounded_proliferation,viral_challenge_gse73072,0.0985,0.004836,True,1.0,861,272
confounded_ribosomal,viral_challenge_gse73072,-0.249,0.004859,False,0.75,861,272
confounded_immune_infiltrate,viral_challenge_gse73072,-0.2329,0.004855,False,0.95,861,272
stealth_confounded_hypoxia_prolif,viral_challenge_gse73072,0.166,0.004844,True,1.0,861,272
stealth_confounded_inflam_immune,viral_challenge_gse73072,0.1844,0.004847,True,0.95,861,272
lowcov_olfactory_1,viral_challenge_gse73072,0.0,1.0,False,0.26666666666666666,0,0
lowcov_olfactory_2,viral_challenge_gse73072,0.0842,0.004835,True,0.3333,861,272
blind_durable_ifn_composite,viral_challenge_gse73072,0.7515,0.005081,True,0.92,861,272
blind_durable_hypoxia_core,viral_challenge_gse73072,0.1711,0.004844,True,1.0,861,272
blind_brittle_random,viral_challenge_gse73072,0.0817,0.004834,True,0.6,861,272
blind_mixed_emt_stress,viral_challenge_gse73072,0.1553,0.004842,True,0.95,861,272
blind_confounded_prolif_inflam,viral_challenge_gse73072,0.2168,0.004852,True,1.0,861,272
blind_confounded_stealth_emt_immune,viral_challenge_gse73072,0.0572,0.004833,True,0.95,861,272
blind_lowcov_keratin,viral_challenge_gse73072,0.1186,0.004838,True,0.9333,861,272
schoggins_2011_irg,viral_challenge_gse73072,0.7026,0.005049,True,0.7632,861,272
hallmark_ifng_response,breast_relapse_gse1456,0.2917,0.033352,True,1.0,40,119
hallmark_ifna_response,breast_relapse_gse1456,0.2675,0.03331,True,0.9667,40,119
hallmark_inflammatory_response,breast_relapse_gse1456,0.1073,0.033121,True,0.9,40,119
hallmark_hypoxia,breast_relapse_gse1456,0.4431,0.033702,True,0.9667,40,119
hallmark_e2f_targets,breast_relapse_gse1456,0.7708,0.034953,True,1.0,40,119
hallmark_emt,breast_relapse_gse1456,-0.1264,0.033135,False,1.0,40,119
hallmark_tnfa_nfkb,breast_relapse_gse1456,-0.2139,0.033228,False,0.9333,40,119
curated_senescence,breast_relapse_gse1456,0.5221,0.033942,True,0.95,40,119
brittle_small_study_inflammation,breast_relapse_gse1456,0.3167,0.0334,True,0.9,40,119
brittle_platform_specific,breast_relapse_gse1456,-0.2597,0.033297,False,0.45,40,119
brittle_single_tissue,breast_relapse_gse1456,0.092,0.033111,True,0.95,40,119
brittle_overfit_noise,breast_relapse_gse1456,-0.165,0.03317,False,0.7333,40,119
mixed_emt_inflammation,breast_relapse_gse1456,-0.0414,0.03309,False,1.0,40,119
mixed_hypoxia_stress,breast_relapse_gse1456,0.3453,0.033459,True,0.95,40,119
mixed_senescence_proliferation,breast_relapse_gse1456,0.8906,0.035579,True,0.95,40,119
confounded_proliferation,breast_relapse_gse1456,0.7984,0.035089,True,1.0,40,119
confounded_ribosomal,breast_relapse_gse1456,-0.2483,0.033278,False,0.85,40,119
confounded_immune_infiltrate,breast_relapse_gse1456,0.0892,0.033109,True,0.85,40,119
stealth_confounded_hypoxia_prolif,breast_relapse_gse1456,0.6025,0.034226,True,1.0,40,119
stealth_confounded_inflam_immune,breast_relapse_gse1456,0.1059,0.03312,True,0.9,40,119
lowcov_olfactory_1,breast_relapse_gse1456,0.0,1.0,False,0.26666666666666666,0,0
lowcov_olfactory_2,breast_relapse_gse1456,-0.0149,0.033085,False,0.3333,40,119
blind_durable_ifn_composite,breast_relapse_gse1456,0.3009,0.033369,True,1.0,40,119
blind_durable_hypoxia_core,breast_relapse_gse1456,0.5007,0.033873,True,1.0,40,119
blind_brittle_random,breast_relapse_gse1456,-0.241,0.033267,False,0.6667,40,119
blind_mixed_emt_stress,breast_relapse_gse1456,-0.0585,0.033095,False,0.95,40,119
blind_confounded_prolif_inflam,breast_relapse_gse1456,0.7397,0.034805,True,0.95,40,119
blind_confounded_stealth_emt_immune,breast_relapse_gse1456,-0.0611,0.033096,False,1.0,40,119
blind_lowcov_keratin,breast_relapse_gse1456,0.1893,0.033197,True,0.8,40,119
schoggins_2011_irg,breast_relapse_gse1456,0.2201,0.033237,True,0.7763,40,119
hallmark_ifng_response,hypoxia_mcf7_gse3188,0.6527,0.396449,True,1.0,3,9
hallmark_ifna_response,hypoxia_mcf7_gse3188,1.2538,0.444197,True,1.0,3,9
hallmark_inflammatory_response,hypoxia_mcf7_gse3188,-0.0553,0.378826,False,0.9333,3,9
hallmark_hypoxia,hypoxia_mcf7_gse3188,1.2569,0.444521,True,1.0,3,9
hallmark_e2f_targets,hypoxia_mcf7_gse3188,-0.8136,0.406282,False,1.0,3,9
hallmark_emt,hypoxia_mcf7_gse3188,0.4374,0.38667,True,1.0,3,9
hallmark_tnfa_nfkb,hypoxia_mcf7_gse3188,-0.0964,0.379086,False,0.9667,3,9
curated_senescence,hypoxia_mcf7_gse3188,0.3782,0.384659,True,0.95,3,9
brittle_small_study_inflammation,hypoxia_mcf7_gse3188,-0.1377,0.379488,False,0.95,3,9
brittle_platform_specific,hypoxia_mcf7_gse3188,0.0032,0.378699,True,0.5,3,9
brittle_single_tissue,hypoxia_mcf7_gse3188,0.1122,0.379223,True,0.95,3,9
brittle_overfit_noise,hypoxia_mcf7_gse3188,-0.0554,0.378826,False,1.0,3,9
mixed_emt_inflammation,hypoxia_mcf7_gse3188,0.4302,0.38641,True,1.0,3,9
mixed_hypoxia_stress,hypoxia_mcf7_gse3188,1.3183,0.45111,True,0.95,3,9
mixed_senescence_proliferation,hypoxia_mcf7_gse3188,-0.8738,0.410509,False,0.95,3,9
confounded_proliferation,hypoxia_mcf7_gse3188,-1.0088,0.421101,False,1.0,3,9
confounded_ribosomal,hypoxia_mcf7_gse3188,-0.1032,0.379142,False,0.85,3,9
confounded_immune_infiltrate,hypoxia_mcf7_gse3188,-0.05,0.378803,False,0.9,3,9
stealth_confounded_hypoxia_prolif,hypoxia_mcf7_gse3188,0.8209,0.406779,True,1.0,3,9
stealth_confounded_inflam_immune,hypoxia_mcf7_gse3188,0.0874,0.379016,True,0.95,3,9
lowcov_olfactory_1,hypoxia_mcf7_gse3188,-0.4219,0.386114,False,0.5333,3,9
lowcov_olfactory_2,hypoxia_mcf7_gse3188,-0.3486,0.383763,False,0.6,3,9
blind_durable_ifn_composite,hypoxia_mcf7_gse3188,1.0439,0.4241,True,1.0,3,9
blind_durable_hypoxia_core,hypoxia_mcf7_gse3188,1.2604,0.444885,True,1.0,3,9
blind_brittle_random,hypoxia_mcf7_gse3188,-0.0826,0.378982,False,0.8667,3,9
blind_mixed_emt_stress,hypoxia_mcf7_gse3188,0.704,0.399349,True,0.95,3,9
blind_confounded_prolif_inflam,hypoxia_mcf7_gse3188,-1.2393,0.44269,False,1.0,3,9
blind_confounded_stealth_emt_immune,hypoxia_mcf7_gse3188,0.263,0.381581,True,1.0,3,9
blind_lowcov_keratin,hypoxia_mcf7_gse3188,0.0258,0.378726,True,0.8667,3,9
schoggins_2011_irg,hypoxia_mcf7_gse3188,0.9677,0.417716,True,0.9474,3,9
hallmark_ifng_response,hypoxia_timecourse_gse47533,0.6283,0.395149,True,1.0,9,3
hallmark_ifna_response,hypoxia_timecourse_gse47533,1.2803,0.446997,True,1.0,9,3
hallmark_inflammatory_response,hypoxia_timecourse_gse47533,-1.3968,0.459992,False,1.0,9,3
hallmark_hypoxia,hypoxia_timecourse_gse47533,10.0946,4.624565,True,1.0,9,3
hallmark_e2f_targets,hypoxia_timecourse_gse47533,-0.3903,0.385047,False,1.0,9,3
hallmark_emt,hypoxia_timecourse_gse47533,-1.5054,0.473122,False,1.0,9,3
hallmark_tnfa_nfkb,hypoxia_timecourse_gse47533,-0.2501,0.381304,False,0.9667,9,3
curated_senescence,hypoxia_timecourse_gse47533,-1.1825,0.436957,False,1.0,9,3
brittle_small_study_inflammation,hypoxia_timecourse_gse47533,0.2827,0.382027,True,1.0,9,3
brittle_platform_specific,hypoxia_timecourse_gse47533,0.9272,0.414516,True,0.5,9,3
brittle_single_tissue,hypoxia_timecourse_gse47533,-2.5475,0.649097,False,1.0,9,3
brittle_overfit_noise,hypoxia_timecourse_gse47533,-0.8283,0.407287,False,0.8667,9,3
mixed_emt_inflammation,hypoxia_timecourse_gse47533,-3.1814,0.800423,False,1.0,9,3
mixed_hypoxia_stress,hypoxia_timecourse_gse47533,2.2746,0.594271,True,1.0,9,3
mixed_senescence_proliferation,hypoxia_timecourse_gse47533,0.901,0.412523,True,1.0,9,3
confounded_proliferation,hypoxia_timecourse_gse47533,0.627,0.395077,True,1.0,9,3
confounded_ribosomal,hypoxia_timecourse_gse47533,0.3481,0.383746,True,0.95,9,3
confounded_immune_infiltrate,hypoxia_timecourse_gse47533,-0.7356,0.401245,False,1.0,9,3
stealth_confounded_hypoxia_prolif,hypoxia_timecourse_gse47533,6.7102,2.254819,True,1.0,9,3
stealth_confounded_inflam_immune,hypoxia_timecourse_gse47533,-2.6714,0.676046,False,1.0,9,3
lowcov_olfactory_1,hypoxia_timecourse_gse47533,-0.0876,0.379018,False,0.9333,9,3
lowcov_olfactory_2,hypoxia_timecourse_gse47533,-0.2529,0.381363,False,1.0,9,3
blind_durable_ifn_composite,hypoxia_timecourse_gse47533,0.7532,0.402336,True,1.0,9,3
blind_durable_hypoxia_core,hypoxia_timecourse_gse47533,9.7531,4.342195,True,1.0,9,3
blind_brittle_random,hypoxia_timecourse_gse47533,0.9068,0.412957,True,0.9333,9,3
blind_mixed_emt_stress,hypoxia_timecourse_gse47533,0.5194,0.38994,True,1.0,9,3
blind_confounded_prolif_inflam,hypoxia_timecourse_gse47533,-1.8033,0.5142,False,1.0,9,3
blind_confounded_stealth_emt_immune,hypoxia_timecourse_gse47533,-2.0713,0.557458,False,1.0,9,3
blind_lowcov_keratin,hypoxia_timecourse_gse47533,-0.5869,0.393051,False,0.8667,9,3
schoggins_2011_irg,hypoxia_timecourse_gse47533,1.1285,0.431763,True,0.9474,9,3
hallmark_ifng_response,hypoxia_multicell_gse18494,-0.1365,0.141896,False,0.9,27,9
hallmark_ifna_response,hypoxia_multicell_gse18494,-0.1461,0.141934,False,0.8,27,9
hallmark_inflammatory_response,hypoxia_multicell_gse18494,0.142,0.141917,True,0.9,27,9
hallmark_hypoxia,hypoxia_multicell_gse18494,1.5391,0.174535,True,0.8333,27,9
hallmark_e2f_targets,hypoxia_multicell_gse18494,-0.6126,0.146849,False,0.8,27,9
hallmark_emt,hypoxia_multicell_gse18494,0.3198,0.143058,True,0.9,27,9
hallmark_tnfa_nfkb,hypoxia_multicell_gse18494,0.4937,0.145023,True,0.9,27,9
curated_senescence,hypoxia_multicell_gse18494,-0.0441,0.141664,False,0.9,27,9
brittle_small_study_inflammation,hypoxia_multicell_gse18494,0.0931,0.141757,True,0.95,27,9
brittle_platform_specific,hypoxia_multicell_gse18494,0.0073,0.141638,True,0.3,27,9
brittle_single_tissue,hypoxia_multicell_gse18494,0.0376,0.141657,True,0.95,27,9
brittle_overfit_noise,hypoxia_multicell_gse18494,0.2018,0.142202,True,0.8667,27,9
mixed_emt_inflammation,hypoxia_multicell_gse18494,0.124,0.141851,True,0.95,27,9
mixed_hypoxia_stress,hypoxia_multicell_gse18494,1.0502,0.156956,True,0.85,27,9
mixed_senescence_proliferation,hypoxia_multicell_gse18494,-0.3682,0.14352,False,1.0,27,9
confounded_proliferation,hypoxia_multicell_gse18494,-0.7122,0.148683,False,0.85,27,9
confounded_ribosomal,hypoxia_multicell_gse18494,-0.1713,0.142045,False,0.75,27,9
confounded_immune_infiltrate,hypoxia_multicell_gse18494,0.3014,0.142899,True,0.9,27,9
stealth_confounded_hypoxia_prolif,hypoxia_multicell_gse18494,0.9976,0.155459,True,0.85,27,9
stealth_confounded_inflam_immune,hypoxia_multicell_gse18494,0.3254,0.143108,True,0.9,27,9
lowcov_olfactory_1,hypoxia_multicell_gse18494,0.0885,0.141746,True,0.4,27,9
lowcov_olfactory_2,hypoxia_multicell_gse18494,0.0578,0.141683,True,0.6,27,9
blind_durable_ifn_composite,hypoxia_multicell_gse18494,-0.1322,0.14188,False,0.84,27,9
blind_durable_hypoxia_core,hypoxia_multicell_gse18494,1.5884,0.176677,True,0.85,27,9
blind_brittle_random,hypoxia_multicell_gse18494,0.0542,0.141678,True,0.8667,27,9
blind_mixed_emt_stress,hypoxia_multicell_gse18494,0.5629,0.146038,True,0.95,27,9
blind_confounded_prolif_inflam,hypoxia_multicell_gse18494,-0.6968,0.14838,False,0.95,27,9
blind_confounded_stealth_emt_immune,hypoxia_multicell_gse18494,0.4105,0.143977,True,0.9,27,9
blind_lowcov_keratin,hypoxia_multicell_gse18494,0.0434,0.141663,True,1.0,27,9
schoggins_2011_irg,hypoxia_multicell_gse18494,-0.1763,0.142069,False,0.8553,27,9
hallmark_ifng_response,emt_tgfb_gse17708,-2.7759,0.625938,False,1.0,12,3
hallmark_ifna_response,emt_tgfb_gse17708,-1.4108,0.435429,False,1.0,12,3
hallmark_inflammatory_response,emt_tgfb_gse17708,0.0731,0.369267,True,0.9333,12,3
hallmark_hypoxia,emt_tgfb_gse17708,0.4889,0.377055,True,1.0,12,3
hallmark_e2f_targets,emt_tgfb_gse17708,-2.3092,0.54683,False,1.0,12,3
hallmark_emt,emt_tgfb_gse17708,3.8363,0.859673,True,1.0,12,3
hallmark_tnfa_nfkb,emt_tgfb_gse17708,0.3206,0.372515,True,0.9667,12,3
curated_senescence,emt_tgfb_gse17708,1.7445,0.47053,True,0.95,12,3
brittle_small_study_inflammation,emt_tgfb_gse17708,-0.7787,0.389301,False,0.95,12,3
brittle_platform_specific,emt_tgfb_gse17708,-1.3477,0.429631,False,0.5,12,3
brittle_single_tissue,emt_tgfb_gse17708,-1.4868,0.442779,False,0.95,12,3
brittle_overfit_noise,emt_tgfb_gse17708,0.4543,0.375969,True,1.0,12,3
mixed_emt_inflammation,emt_tgfb_gse17708,4.5117,1.047615,True,1.0,12,3
mixed_hypoxia_stress,emt_tgfb_gse17708,0.0704,0.369254,True,0.95,12,3
mixed_senescence_proliferation,emt_tgfb_gse17708,-0.94,0.39854,False,0.95,12,3
confounded_proliferation,emt_tgfb_gse17708,-1.4206,0.436361,False,1.0,12,3
confounded_ribosomal,emt_tgfb_gse17708,-0.0196,0.369102,False,0.85,12,3
confounded_immune_infiltrate,emt_tgfb_gse17708,-0.09,0.369359,False,0.9,12,3
stealth_confounded_hypoxia_prolif,emt_tgfb_gse17708,0.5169,0.377997,True,1.0,12,3
stealth_confounded_inflam_immune,emt_tgfb_gse17708,0.1572,0.369913,True,0.95,12,3
lowcov_olfactory_1,emt_tgfb_gse17708,-0.8454,0.392913,False,0.5333,12,3
lowcov_olfactory_2,emt_tgfb_gse17708,-0.3602,0.373414,False,0.6,12,3
blind_durable_ifn_composite,emt_tgfb_gse17708,-2.0759,0.512734,False,1.0,12,3
blind_durable_hypoxia_core,emt_tgfb_gse17708,0.4461,0.375722,True,1.0,12,3
blind_brittle_random,emt_tgfb_gse17708,0.5617,0.379605,True,0.8667,12,3
blind_mixed_emt_stress,emt_tgfb_gse17708,1.5973,0.454134,True,0.95,12,3
blind_confounded_prolif_inflam,emt_tgfb_gse17708,-1.2923,0.424755,False,1.0,12,3
blind_confounded_stealth_emt_immune,emt_tgfb_gse17708,3.3268,0.738018,True,1.0,12,3
blind_lowcov_keratin,emt_tgfb_gse17708,0.0416,0.369146,True,0.8667,12,3
schoggins_2011_irg,emt_tgfb_gse17708,-1.2633,0.422285,False,0.9474,12,3
hallmark_ifng_response,emt_hmle_gse24202,0.7207,0.227406,True,0.9333,15,6
hallmark_ifna_response,emt_hmle_gse24202,0.9624,0.237094,True,0.7667,15,6
hallmark_inflammatory_response,emt_hmle_gse24202,-1.4617,0.265913,False,0.9667,15,6
hallmark_hypoxia,emt_hmle_gse24202,-0.9746,0.237655,False,0.8333,15,6
hallmark_e2f_targets,emt_hmle_gse24202,1.2402,0.25166,True,0.9333,15,6
hallmark_emt,emt_hmle_gse24202,5.933,1.053134,True,0.9667,15,6
hallmark_tnfa_nfkb,emt_hmle_gse24202,-1.2247,0.25075,False,1.0,15,6
curated_senescence,emt_hmle_gse24202,4.3925,0.674428,True,1.0,15,6
brittle_small_study_inflammation,emt_hmle_gse24202,-1.579,0.2744,False,1.0,15,6
brittle_platform_specific,emt_hmle_gse24202,0.5038,0.221083,True,0.5,15,6
brittle_single_tissue,emt_hmle_gse24202,-0.8484,0.232179,False,0.95,15,6
brittle_overfit_noise,emt_hmle_gse24202,1.0949,0.243583,True,0.3333,15,6
mixed_emt_inflammation,emt_hmle_gse24202,2.6791,0.385934,True,1.0,15,6
mixed_hypoxia_stress,emt_hmle_gse24202,-0.8289,0.231398,False,1.0,15,6
mixed_senescence_proliferation,emt_hmle_gse24202,0.3119,0.217357,True,1.0,15,6
confounded_proliferation,emt_hmle_gse24202,0.1677,0.215709,True,0.95,15,6
confounded_ribosomal,emt_hmle_gse24202,0.5109,0.221255,True,0.95,15,6
confounded_immune_infiltrate,emt_hmle_gse24202,0.7383,0.228019,True,0.9,15,6
stealth_confounded_hypoxia_prolif,emt_hmle_gse24202,-1.3804,0.260411,False,0.9,15,6
stealth_confounded_inflam_immune,emt_hmle_gse24202,-1.0394,0.240761,False,0.95,15,6
lowcov_olfactory_1,emt_hmle_gse24202,0.0,1.0,False,0.06666666666666667,0,0
lowcov_olfactory_2,emt_hmle_gse24202,0.0,1.0,False,0.0,0,0
blind_durable_ifn_composite,emt_hmle_gse24202,1.157,0.24691,True,0.8,15,6
blind_durable_hypoxia_core,emt_hmle_gse24202,-1.4637,0.266052,False,0.9,15,6
blind_brittle_random,emt_hmle_gse24202,-0.9765,0.237742,False,0.5333,15,6
blind_mixed_emt_stress,emt_hmle_gse24202,3.0131,0.431202,True,0.95,15,6
blind_confounded_prolif_inflam,emt_hmle_gse24202,-2.0444,0.314556,False,1.0,15,6
blind_confounded_stealth_emt_immune,emt_hmle_gse24202,5.075,0.828266,True,1.0,15,6
blind_lowcov_keratin,emt_hmle_gse24202,-1.4225,0.263221,False,0.8667,15,6
schoggins_2011_irg,emt_hmle_gse24202,0.8177,0.230959,True,0.6184,15,6
hallmark_ifng_response,emt_mammary_gse43495,0.0167,0.246068,True,1.0,9,6
hallmark_ifna_response,emt_mammary_gse43495,0.615,0.258667,True,0.9667,9,6
hallmark_inflammatory_response,emt_mammary_gse43495,0.7389,0.264256,True,0.9333,9,6
hallmark_hypoxia,emt_mammary_gse43495,-4.9331,1.057244,False,1.0,9,6
hallmark_e2f_targets,emt_mammary_gse43495,-0.8431,0.269752,False,1.0,9,6
hallmark_emt,emt_mammary_gse43495,2.9025,0.526881,True,1.0,9,6
hallmark_tnfa_nfkb,emt_mammary_gse43495,0.282,0.248711,True,0.9333,9,6
curated_senescence,emt_mammary_gse43495,1.9844,0.377324,True,1.0,9,6
brittle_small_study_inflammation,emt_mammary_gse43495,0.7588,0.265251,True,0.95,9,6
brittle_platform_specific,emt_mammary_gse43495,-0.2114,0.247549,False,0.45,9,6
brittle_single_tissue,emt_mammary_gse43495,-0.1807,0.247148,False,1.0,9,6
brittle_overfit_noise,emt_mammary_gse43495,0.0283,0.246086,True,0.8667,9,6
mixed_emt_inflammation,emt_mammary_gse43495,2.7408,0.496454,True,1.0,9,6
mixed_hypoxia_stress,emt_mammary_gse43495,-0.433,0.252308,False,1.0,9,6
mixed_senescence_proliferation,emt_mammary_gse43495,0.5898,0.257656,True,1.0,9,6
confounded_proliferation,emt_mammary_gse43495,-0.2261,0.247763,False,1.0,9,6
confounded_ribosomal,emt_mammary_gse43495,0.4468,0.252714,True,0.9,9,6
confounded_immune_infiltrate,emt_mammary_gse43495,-0.1718,0.247043,False,1.0,9,6
stealth_confounded_hypoxia_prolif,emt_mammary_gse43495,-3.148,0.57639,False,1.0,9,6
stealth_confounded_inflam_immune,emt_mammary_gse43495,0.2915,0.248892,True,0.95,9,6
lowcov_olfactory_1,emt_mammary_gse43495,-0.1688,0.247009,False,0.9333,9,6
lowcov_olfactory_2,emt_mammary_gse43495,-0.2024,0.247425,False,1.0,9,6
blind_durable_ifn_composite,emt_mammary_gse43495,0.4064,0.251565,True,0.96,9,6
blind_durable_hypoxia_core,emt_mammary_gse43495,-6.4833,1.647166,False,1.0,9,6
blind_brittle_random,emt_mammary_gse43495,-0.3331,0.249757,False,0.9333,9,6
blind_mixed_emt_stress,emt_mammary_gse43495,3.6508,0.690347,True,1.0,9,6
blind_confounded_prolif_inflam,emt_mammary_gse43495,-0.1265,0.246593,False,0.95,9,6
blind_confounded_stealth_emt_immune,emt_mammary_gse43495,2.5513,0.463031,True,1.0,9,6
blind_lowcov_keratin,emt_mammary_gse43495,-0.1818,0.247161,False,0.8667,9,6
schoggins_2011_irg,emt_mammary_gse43495,-0.0472,0.246134,False,0.9342,9,6
hallmark_ifng_response,sepsis_shock_gse95233,-0.7687,0.067737,False,1.0,51,22
hallmark_ifna_response,sepsis_shock_gse95233,-0.3366,0.064466,False,1.0,51,22
hallmark_inflammatory_response,sepsis_shock_gse95233,1.043,0.071142,True,0.9333,51,22
hallmark_hypoxia,sepsis_shock_gse95233,2.6837,0.11302,True,1.0,51,22
hallmark_e2f_targets,sepsis_shock_gse95233,0.4853,0.065303,True,1.0,51,22
hallmark_emt,sepsis_shock_gse95233,0.2526,0.064127,True,1.0,51,22
hallmark_tnfa_nfkb,sepsis_shock_gse95233,0.7942,0.06801,True,0.9667,51,22
curated_senescence,sepsis_shock_gse95233,0.9418,0.069765,True,0.95,51,22
brittle_small_study_inflammation,sepsis_shock_gse95233,0.6851,0.066906,True,0.95,51,22
brittle_platform_specific,sepsis_shock_gse95233,-0.5924,0.066094,False,0.5,51,22
brittle_single_tissue,sepsis_shock_gse95233,-0.1629,0.063872,False,0.95,51,22
brittle_overfit_noise,sepsis_shock_gse95233,-0.8773,0.068962,False,1.0,51,22
mixed_emt_inflammation,sepsis_shock_gse95233,0.589,0.066067,True,1.0,51,22
mixed_hypoxia_stress,sepsis_shock_gse95233,2.9652,0.123912,True,0.95,51,22
mixed_senescence_proliferation,sepsis_shock_gse95233,1.5248,0.079615,True,0.95,51,22
confounded_proliferation,sepsis_shock_gse95233,1.31,0.075445,True,1.0,51,22
confounded_ribosomal,sepsis_shock_gse95233,-0.3661,0.064608,False,0.85,51,22
confounded_immune_infiltrate,sepsis_shock_gse95233,-3.4141,0.143526,False,0.9,51,22
stealth_confounded_hypoxia_prolif,sepsis_shock_gse95233,2.5992,0.109963,True,1.0,51,22
stealth_confounded_inflam_immune,sepsis_shock_gse95233,0.1322,0.06381,True,0.95,51,22
lowcov_olfactory_1,sepsis_shock_gse95233,0.2442,0.064099,True,0.5333,51,22
lowcov_olfactory_2,sepsis_shock_gse95233,0.3341,0.064455,True,0.6,51,22
blind_durable_ifn_composite,sepsis_shock_gse95233,-0.4624,0.065155,False,1.0,51,22
blind_durable_hypoxia_core,sepsis_shock_gse95233,2.8123,0.117863,True,1.0,51,22
blind_brittle_random,sepsis_shock_gse95233,0.5968,0.06613,True,0.8667,51,22
blind_mixed_emt_stress,sepsis_shock_gse95233,2.2029,0.096929,True,0.95,51,22
blind_confounded_prolif_inflam,sepsis_shock_gse95233,1.616,0.081576,True,1.0,51,22
blind_confounded_stealth_emt_immune,sepsis_shock_gse95233,-0.8984,0.069219,False,1.0,51,22
blind_lowcov_keratin,sepsis_shock_gse95233,0.3941,0.064754,True,0.8667,51,22
schoggins_2011_irg,sepsis_shock_gse95233,-0.1616,0.063869,False,0.9474,51,22
hallmark_ifng_response,melioidosis_blood_gse69528,1.1544,0.079977,True,0.9667,29,28
hallmark_ifna_response,melioidosis_blood_gse69528,0.77,0.073488,True,1.0,29,28
hallmark_inflammatory_response,melioidosis_blood_gse69528,2.3493,0.116702,True,0.7,29,28
hallmark_hypoxia,melioidosis_blood_gse69528,2.8387,0.138971,True,0.8333,29,28
hallmark_e2f_targets,melioidosis_blood_gse69528,0.1585,0.068507,True,0.9,29,28
hallmark_emt,melioidosis_blood_gse69528,0.4572,0.070121,True,0.4333,29,28
hallmark_tnfa_nfkb,melioidosis_blood_gse69528,1.784,0.096206,True,0.8333,29,28
curated_senescence,melioidosis_blood_gse69528,1.8493,0.098287,True,0.75,29,28
brittle_small_study_inflammation,melioidosis_blood_gse69528,2.2675,0.113387,True,0.75,29,28
brittle_platform_specific,melioidosis_blood_gse69528,-2.0968,0.106853,False,0.5,29,28
brittle_single_tissue,melioidosis_blood_gse69528,1.9285,0.100911,True,0.35,29,28
brittle_overfit_noise,melioidosis_blood_gse69528,0.0,1.0,False,0.13333333333333333,0,0
mixed_emt_inflammation,melioidosis_blood_gse69528,1.8498,0.098303,True,0.5,29,28
mixed_hypoxia_stress,melioidosis_blood_gse69528,2.0799,0.106234,True,0.85,29,28
mixed_senescence_proliferation,melioidosis_blood_gse69528,2.2161,0.111365,True,0.8,29,28
confounded_proliferation,melioidosis_blood_gse69528,1.8252,0.097508,True,0.9,29,28
confounded_ribosomal,melioidosis_blood_gse69528,-2.0155,0.10392,False,1.0,29,28
confounded_immune_infiltrate,melioidosis_blood_gse69528,-1.4407,0.086493,False,0.95,29,28
stealth_confounded_hypoxia_prolif,melioidosis_blood_gse69528,2.4609,0.121408,True,0.75,29,28
stealth_confounded_inflam_immune,melioidosis_blood_gse69528,1.0429,0.077827,True,0.85,29,28
lowcov_olfactory_1,melioidosis_blood_gse69528,0.0,1.0,False,0.13333333333333333,0,0
lowcov_olfactory_2,melioidosis_blood_gse69528,0.0,1.0,False,0.0,0,0
blind_durable_ifn_composite,melioidosis_blood_gse69528,0.8782,0.075052,True,0.96,29,28
blind_durable_hypoxia_core,melioidosis_blood_gse69528,2.7465,0.134456,True,0.85,29,28
blind_brittle_random,melioidosis_blood_gse69528,0.0,1.0,False,0.13333333333333333,0,0
blind_mixed_emt_stress,melioidosis_blood_gse69528,2.0491,0.105118,True,0.75,29,28
blind_confounded_prolif_inflam,melioidosis_blood_gse69528,2.2093,0.111103,True,0.8,29,28
blind_confounded_stealth_emt_immune,melioidosis_blood_gse69528,-0.7427,0.073125,False,0.55,29,28
blind_lowcov_keratin,melioidosis_blood_gse69528,0.0,1.0,False,0.0,0,0
schoggins_2011_irg,melioidosis_blood_gse69528,1.1311,0.07951,True,0.9079,29,28
hallmark_ifng_response,lung_tumor_gse19188,-0.5072,0.026941,False,1.0,91,65
hallmark_ifna_response,lung_tumor_gse19188,-0.2818,0.026371,False,1.0,91,65
hallmark_inflammatory_response,lung_tumor_gse19188,-1.0353,0.029552,False,0.9333,91,65
hallmark_hypoxia,lung_tumor_gse19188,1.7655,0.036107,True,1.0,91,65
hallmark_e2f_targets,lung_tumor_gse19188,2.1416,0.040817,True,1.0,91,65
hallmark_emt,lung_tumor_gse19188,0.3205,0.026446,True,1.0,91,65
hallmark_tnfa_nfkb,lung_tumor_gse19188,-1.3967,0.032369,False,0.9667,91,65
curated_senescence,lung_tumor_gse19188,0.4717,0.02683,True,0.95,91,65
brittle_small_study_inflammation,lung_tumor_gse19188,-0.819,0.028267,False,0.95,91,65
brittle_platform_specific,lung_tumor_gse19188,0.6574,0.027502,True,0.5,91,65
brittle_single_tissue,lung_tumor_gse19188,-0.37,0.026556,False,0.95,91,65
brittle_overfit_noise,lung_tumor_gse19188,-0.055,0.026127,False,1.0,91,65
mixed_emt_inflammation,lung_tumor_gse19188,-0.1728,0.026213,False,1.0,91,65
mixed_hypoxia_stress,lung_tumor_gse19188,1.0902,0.029926,True,0.95,91,65
mixed_senescence_proliferation,lung_tumor_gse19188,2.0412,0.039471,True,0.95,91,65
confounded_proliferation,lung_tumor_gse19188,2.5101,0.046311,True,1.0,91,65
confounded_ribosomal,lung_tumor_gse19188,0.6114,0.027315,True,0.85,91,65
confounded_immune_infiltrate,lung_tumor_gse19188,-0.7034,0.027703,False,0.9,91,65
stealth_confounded_hypoxia_prolif,lung_tumor_gse19188,2.1667,0.041164,True,1.0,91,65
stealth_confounded_inflam_immune,lung_tumor_gse19188,-1.1408,0.030288,False,0.95,91,65
lowcov_olfactory_1,lung_tumor_gse19188,0.7453,0.027897,True,0.5333,91,65
lowcov_olfactory_2,lung_tumor_gse19188,0.6756,0.02758,True,0.6,91,65
blind_durable_ifn_composite,lung_tumor_gse19188,-0.2147,0.026265,False,1.0,91,65
blind_durable_hypoxia_core,lung_tumor_gse19188,1.838,0.036944,True,1.0,91,65
blind_brittle_random,lung_tumor_gse19188,0.8599,0.028487,True,0.8667,91,65
blind_mixed_emt_stress,lung_tumor_gse19188,-0.3349,0.026476,False,0.95,91,65
blind_confounded_prolif_inflam,lung_tumor_gse19188,0.7556,0.027947,True,1.0,91,65
blind_confounded_stealth_emt_immune,lung_tumor_gse19188,-0.1127,0.026158,False,1.0,91,65
blind_lowcov_keratin,lung_tumor_gse19188,0.9533,0.02903,True,0.8667,91,65
schoggins_2011_irg,lung_tumor_gse19188,-0.552,0.027094,False,0.9474,91,65
hallmark_ifng_response,influenza_challenge_gse68310,0.9677,0.020383,True,1.0,211,71
hallmark_ifna_response,influenza_challenge_gse68310,1.1211,0.020952,True,1.0,211,71
hallmark_inflammatory_response,influenza_challenge_gse68310,0.0294,0.018725,True,1.0,211,71
hallmark_hypoxia,influenza_challenge_gse68310,0.0479,0.018727,True,1.0,211,71
hallmark_e2f_targets,influenza_challenge_gse68310,1.0003,0.020497,True,1.0,211,71
hallmark_emt,influenza_challenge_gse68310,-0.3303,0.018916,False,1.0,211,71
hallmark_tnfa_nfkb,influenza_challenge_gse68310,-0.0727,0.018732,False,1.0,211,71
curated_senescence,influenza_challenge_gse68310,0.5281,0.019217,True,1.0,211,71
brittle_small_study_inflammation,influenza_challenge_gse68310,0.1617,0.018769,True,1.0,211,71
brittle_platform_specific,influenza_challenge_gse68310,-0.1945,0.01879,False,0.55,211,71
brittle_single_tissue,influenza_challenge_gse68310,-0.2955,0.018878,False,1.0,211,71
brittle_overfit_noise,influenza_challenge_gse68310,-0.3717,0.018968,False,0.9333,211,71
mixed_emt_inflammation,influenza_challenge_gse68310,0.1597,0.018768,True,1.0,211,71
mixed_hypoxia_stress,influenza_challenge_gse68310,0.8617,0.02004,True,1.0,211,71
mixed_senescence_proliferation,influenza_challenge_gse68310,1.1066,0.020894,True,1.0,211,71
confounded_proliferation,influenza_challenge_gse68310,1.0126,0.020541,True,1.0,211,71
confounded_ribosomal,influenza_challenge_gse68310,-0.0523,0.018728,False,1.0,211,71
confounded_immune_infiltrate,influenza_challenge_gse68310,0.4813,0.019134,True,1.0,211,71
stealth_confounded_hypoxia_prolif,influenza_challenge_gse68310,0.8826,0.020104,True,1.0,211,71
stealth_confounded_inflam_immune,influenza_challenge_gse68310,0.6624,0.019501,True,1.0,211,71
lowcov_olfactory_1,influenza_challenge_gse68310,-0.4964,0.01916,False,0.9333,211,71
lowcov_olfactory_2,influenza_challenge_gse68310,-0.2627,0.018845,False,0.9333,211,71
blind_durable_ifn_composite,influenza_challenge_gse68310,1.0381,0.020634,True,1.0,211,71
blind_durable_hypoxia_core,influenza_challenge_gse68310,0.0147,0.018723,True,1.0,211,71
blind_brittle_random,influenza_challenge_gse68310,-0.3494,0.018939,False,0.9333,211,71
blind_mixed_emt_stress,influenza_challenge_gse68310,0.6874,0.019561,True,1.0,211,71
blind_confounded_prolif_inflam,influenza_challenge_gse68310,0.9775,0.020417,True,1.0,211,71
blind_confounded_stealth_emt_immune,influenza_challenge_gse68310,0.3238,0.018909,True,1.0,211,71
blind_lowcov_keratin,influenza_challenge_gse68310,-0.255,0.018838,False,0.9333,211,71
schoggins_2011_irg,influenza_challenge_gse68310,0.99,0.020461,True,0.9605,211,71
hallmark_ifng_response,ccrcc_kidney_gse36895,2.0232,0.114989,True,1.0,29,23
hallmark_ifna_response,ccrcc_kidney_gse36895,1.7985,0.106731,True,1.0,29,23
hallmark_inflammatory_response,ccrcc_kidney_gse36895,1.2737,0.091228,True,0.9333,29,23
hallmark_hypoxia,ccrcc_kidney_gse36895,6.6591,0.502012,True,1.0,29,23
hallmark_e2f_targets,ccrcc_kidney_gse36895,2.1504,0.120092,True,1.0,29,23
hallmark_emt,ccrcc_kidney_gse36895,1.2584,0.090855,True,1.0,29,23
hallmark_tnfa_nfkb,ccrcc_kidney_gse36895,1.0849,0.086946,True,0.9667,29,23
curated_senescence,ccrcc_kidney_gse36895,1.8815,0.109667,True,0.95,29,23
brittle_small_study_inflammation,ccrcc_kidney_gse36895,1.1389,0.0881,True,0.95,29,23
brittle_platform_specific,ccrcc_kidney_gse36895,0.5787,0.078848,True,0.5,29,23
brittle_single_tissue,ccrcc_kidney_gse36895,0.2183,0.076086,True,0.95,29,23
brittle_overfit_noise,ccrcc_kidney_gse36895,-0.361,0.076881,False,1.0,29,23
mixed_emt_inflammation,ccrcc_kidney_gse36895,1.5659,0.099206,True,1.0,29,23
mixed_hypoxia_stress,ccrcc_kidney_gse36895,2.9989,0.162103,True,0.95,29,23
mixed_senescence_proliferation,ccrcc_kidney_gse36895,2.1931,0.121877,True,0.95,29,23
confounded_proliferation,ccrcc_kidney_gse36895,1.7173,0.103985,True,1.0,29,23
confounded_ribosomal,ccrcc_kidney_gse36895,0.8831,0.083127,True,0.85,29,23
confounded_immune_infiltrate,ccrcc_kidney_gse36895,1.9353,0.11164,True,0.9,29,23
stealth_confounded_hypoxia_prolif,ccrcc_kidney_gse36895,5.2727,0.342945,True,1.0,29,23
stealth_confounded_inflam_immune,ccrcc_kidney_gse36895,1.5006,0.097281,True,0.95,29,23
lowcov_olfactory_1,ccrcc_kidney_gse36895,0.3146,0.07658,True,0.5333,29,23
lowcov_olfactory_2,ccrcc_kidney_gse36895,0.0098,0.075629,True,0.6,29,23
blind_durable_ifn_composite,ccrcc_kidney_gse36895,1.8747,0.109422,True,1.0,29,23
blind_durable_hypoxia_core,ccrcc_kidney_gse36895,6.5438,0.487366,True,1.0,29,23
blind_brittle_random,ccrcc_kidney_gse36895,-0.4697,0.077749,False,0.8667,29,23
blind_mixed_emt_stress,ccrcc_kidney_gse36895,1.1637,0.088649,True,0.95,29,23
blind_confounded_prolif_inflam,ccrcc_kidney_gse36895,1.537,0.098342,True,1.0,29,23
blind_confounded_stealth_emt_immune,ccrcc_kidney_gse36895,1.9242,0.111228,True,1.0,29,23
blind_lowcov_keratin,ccrcc_kidney_gse36895,-0.1771,0.07593,False,0.8667,29,23
schoggins_2011_irg,ccrcc_kidney_gse36895,2.0774,0.117126,True,0.9474,29,23
hallmark_ifng_response,gbm_brain_gse4290,1.3886,0.065243,True,1.0,77,23
hallmark_ifna_response,gbm_brain_gse4290,1.0121,0.060724,True,1.0,77,23
hallmark_inflammatory_response,gbm_brain_gse4290,0.8191,0.058957,True,0.9333,77,23
hallmark_hypoxia,gbm_brain_gse4290,0.4375,0.056559,True,1.0,77,23
hallmark_e2f_targets,gbm_brain_gse4290,1.5784,0.068059,True,1.0,77,23
hallmark_emt,gbm_brain_gse4290,1.4635,0.066312,True,1.0,77,23
hallmark_tnfa_nfkb,gbm_brain_gse4290,0.7211,0.058202,True,0.9667,77,23
curated_senescence,gbm_brain_gse4290,1.9419,0.074458,True,0.95,77,23
brittle_small_study_inflammation,gbm_brain_gse4290,0.2512,0.055918,True,0.95,77,23
brittle_platform_specific,gbm_brain_gse4290,1.4123,0.065575,True,0.5,77,23
brittle_single_tissue,gbm_brain_gse4290,-0.0832,0.055637,False,0.95,77,23
brittle_overfit_noise,gbm_brain_gse4290,-0.9608,0.060218,False,1.0,77,23
mixed_emt_inflammation,gbm_brain_gse4290,1.2765,0.063749,True,1.0,77,23
mixed_hypoxia_stress,gbm_brain_gse4290,1.0598,0.061218,True,0.95,77,23
mixed_senescence_proliferation,gbm_brain_gse4290,2.0102,0.075807,True,0.95,77,23
confounded_proliferation,gbm_brain_gse4290,1.5832,0.068134,True,1.0,77,23
confounded_ribosomal,gbm_brain_gse4290,1.3348,0.064511,True,0.85,77,23
confounded_immune_infiltrate,gbm_brain_gse4290,0.6278,0.057572,True,0.9,77,23
stealth_confounded_hypoxia_prolif,gbm_brain_gse4290,1.2917,0.063945,True,1.0,77,23
stealth_confounded_inflam_immune,gbm_brain_gse4290,0.6427,0.057668,True,0.95,77,23
lowcov_olfactory_1,gbm_brain_gse4290,0.4409,0.056574,True,0.5333,77,23
lowcov_olfactory_2,gbm_brain_gse4290,0.1573,0.055726,True,0.6,77,23
blind_durable_ifn_composite,gbm_brain_gse4290,1.1824,0.062592,True,1.0,77,23
blind_durable_hypoxia_core,gbm_brain_gse4290,0.8865,0.059531,True,1.0,77,23
blind_brittle_random,gbm_brain_gse4290,-2.1677,0.079097,False,0.8667,77,23
blind_mixed_emt_stress,gbm_brain_gse4290,1.3499,0.064713,True,0.95,77,23
blind_confounded_prolif_inflam,gbm_brain_gse4290,1.5954,0.068329,True,1.0,77,23
blind_confounded_stealth_emt_immune,gbm_brain_gse4290,1.3043,0.064108,True,1.0,77,23
blind_lowcov_keratin,gbm_brain_gse4290,0.1178,0.055671,True,0.8667,77,23
schoggins_2011_irg,gbm_brain_gse4290,1.4449,0.066041,True,0.9474,77,23
hallmark_ifng_response,emt_arpe19_gse12548,2.6497,0.603125,True,1.0,12,3
hallmark_ifna_response,emt_arpe19_gse12548,2.4843,0.574809,True,1.0,12,3
hallmark_inflammatory_response,emt_arpe19_gse12548,6.6139,1.827197,True,0.9333,12,3
hallmark_hypoxia,emt_arpe19_gse12548,-1.4497,0.439138,False,1.0,12,3
hallmark_e2f_targets,emt_arpe19_gse12548,0.9063,0.396467,True,1.0,12,3
hallmark_emt,emt_arpe19_gse12548,0.4009,0.374445,True,1.0,12,3
hallmark_tnfa_nfkb,emt_arpe19_gse12548,5.3648,1.328464,True,0.9667,12,3
curated_senescence,emt_arpe19_gse12548,1.2867,0.424272,True,0.95,12,3
brittle_small_study_inflammation,emt_arpe19_gse12548,5.7662,1.477385,True,0.95,12,3
brittle_platform_specific,emt_arpe19_gse12548,-0.5566,0.379415,False,0.5,12,3
brittle_single_tissue,emt_arpe19_gse12548,-0.0153,0.369097,False,0.95,12,3
brittle_overfit_noise,emt_arpe19_gse12548,-1.4728,0.441394,False,1.0,12,3
mixed_emt_inflammation,emt_arpe19_gse12548,2.4292,0.565792,True,1.0,12,3
mixed_hypoxia_stress,emt_arpe19_gse12548,-1.1731,0.414962,False,0.95,12,3
mixed_senescence_proliferation,emt_arpe19_gse12548,0.8853,0.395212,True,0.95,12,3
confounded_proliferation,emt_arpe19_gse12548,0.3945,0.374276,True,1.0,12,3
confounded_ribosomal,emt_arpe19_gse12548,-0.4097,0.374685,False,0.85,12,3
confounded_immune_infiltrate,emt_arpe19_gse12548,-0.9254,0.397633,False,0.9,12,3
stealth_confounded_hypoxia_prolif,emt_arpe19_gse12548,-1.6706,0.46212,False,1.0,12,3
stealth_confounded_inflam_immune,emt_arpe19_gse12548,5.1234,1.244076,True,0.95,12,3
lowcov_olfactory_1,emt_arpe19_gse12548,-0.1672,0.37002,False,0.5333,12,3
lowcov_olfactory_2,emt_arpe19_gse12548,-0.3844,0.374014,False,0.6,12,3
blind_durable_ifn_composite,emt_arpe19_gse12548,2.2212,0.533551,True,1.0,12,3
blind_durable_hypoxia_core,emt_arpe19_gse12548,-1.3517,0.429988,False,1.0,12,3
blind_brittle_random,emt_arpe19_gse12548,-1.3997,0.434395,False,0.8667,12,3
blind_mixed_emt_stress,emt_arpe19_gse12548,1.682,0.463392,True,0.95,12,3
blind_confounded_prolif_inflam,emt_arpe19_gse12548,1.7326,0.46915,True,1.0,12,3
blind_confounded_stealth_emt_immune,emt_arpe19_gse12548,-0.6782,0.384422,False,1.0,12,3
blind_lowcov_keratin,emt_arpe19_gse12548,-0.3181,0.372461,False,0.8667,12,3
schoggins_2011_irg,emt_arpe19_gse12548,2.8644,0.642581,True,0.9474,12,3
hallmark_ifng_response,ipf_lung_gse53845,0.4598,0.147325,True,1.0,40,8
hallmark_ifna_response,ipf_lung_gse53845,0.5875,0.148717,True,1.0,40,8
hallmark_inflammatory_response,ipf_lung_gse53845,1.1307,0.15844,True,1.0,40,8
hallmark_hypoxia,ipf_lung_gse53845,0.2619,0.145837,True,1.0,40,8
hallmark_e2f_targets,ipf_lung_gse53845,0.2171,0.145613,True,1.0,40,8
hallmark_emt,ipf_lung_gse53845,1.4094,0.165814,True,1.0,40,8
hallmark_tnfa_nfkb,ipf_lung_gse53845,1.1139,0.158047,True,1.0,40,8
curated_senescence,ipf_lung_gse53845,1.8371,0.180279,True,1.0,40,8
brittle_small_study_inflammation,ipf_lung_gse53845,0.8343,0.152374,True,1.0,40,8
brittle_platform_specific,ipf_lung_gse53845,-0.0622,0.145163,False,0.6,40,8
brittle_single_tissue,ipf_lung_gse53845,0.7396,0.15082,True,1.0,40,8
brittle_overfit_noise,ipf_lung_gse53845,-0.6777,0.149906,False,1.0,40,8
mixed_emt_inflammation,ipf_lung_gse53845,1.7547,0.177197,True,1.0,40,8
mixed_hypoxia_stress,ipf_lung_gse53845,0.8305,0.152307,True,0.95,40,8
mixed_senescence_proliferation,ipf_lung_gse53845,1.079,0.157251,True,1.0,40,8
confounded_proliferation,ipf_lung_gse53845,0.4754,0.147477,True,1.0,40,8
confounded_ribosomal,ipf_lung_gse53845,-0.0498,0.145148,False,1.0,40,8
confounded_immune_infiltrate,ipf_lung_gse53845,0.8931,0.153431,True,1.0,40,8
stealth_confounded_hypoxia_prolif,ipf_lung_gse53845,0.5868,0.148709,True,1.0,40,8
stealth_confounded_inflam_immune,ipf_lung_gse53845,1.3837,0.165067,True,1.0,40,8
lowcov_olfactory_1,ipf_lung_gse53845,-0.4321,0.147067,False,0.5333,40,8
lowcov_olfactory_2,ipf_lung_gse53845,-0.066,0.145168,False,0.6667,40,8
blind_durable_ifn_composite,ipf_lung_gse53845,0.686,0.150024,True,1.0,40,8
blind_durable_hypoxia_core,ipf_lung_gse53845,0.2674,0.145867,True,1.0,40,8
blind_brittle_random,ipf_lung_gse53845,0.761,0.151155,True,1.0,40,8
blind_mixed_emt_stress,ipf_lung_gse53845,1.6886,0.174825,True,0.95,40,8
blind_confounded_prolif_inflam,ipf_lung_gse53845,0.7207,0.150533,True,1.0,40,8
blind_confounded_stealth_emt_immune,ipf_lung_gse53845,1.8359,0.180231,True,1.0,40,8
blind_lowcov_keratin,ipf_lung_gse53845,0.771,0.151314,True,0.8667,40,8
schoggins_2011_irg,ipf_lung_gse53845,0.3597,0.14647,True,0.9474,40,8
hallmark_ifng_response,influenza_severe_gse111368,1.3074,0.028966,True,0.9667,59,130
hallmark_ifna_response,influenza_severe_gse111368,1.7769,0.032797,True,1.0,59,130
hallmark_inflammatory_response,influenza_severe_gse111368,0.8125,0.02619,True,0.7333,59,130
hallmark_hypoxia,influenza_severe_gse111368,1.4801,0.03024,True,0.8333,59,130
hallmark_e2f_targets,influenza_severe_gse111368,0.9593,0.026878,True,0.9333,59,130
hallmark_emt,influenza_severe_gse111368,0.4688,0.025025,True,0.4333,59,130
hallmark_tnfa_nfkb,influenza_severe_gse111368,0.7024,0.025749,True,0.8333,59,130
curated_senescence,influenza_severe_gse111368,1.0201,0.027197,True,0.8,59,130
brittle_small_study_inflammation,influenza_severe_gse111368,0.3782,0.024822,True,0.75,59,130
brittle_platform_specific,influenza_severe_gse111368,-2.0718,0.0358,False,0.5,59,130
brittle_single_tissue,influenza_severe_gse111368,0.7066,0.025765,True,0.35,59,130
brittle_overfit_noise,influenza_severe_gse111368,0.0,1.0,False,0.06666666666666667,0,0
mixed_emt_inflammation,influenza_severe_gse111368,0.9176,0.026671,True,0.55,59,130
mixed_hypoxia_stress,influenza_severe_gse111368,2.0841,0.035934,True,0.9,59,130
mixed_senescence_proliferation,influenza_severe_gse111368,1.6342,0.031509,True,0.8,59,130
confounded_proliferation,influenza_severe_gse111368,1.8199,0.033206,True,0.9,59,130
confounded_ribosomal,influenza_severe_gse111368,-2.1103,0.036225,False,1.0,59,130
confounded_immune_infiltrate,influenza_severe_gse111368,-1.2701,0.028712,False,1.0,59,130
stealth_confounded_hypoxia_prolif,influenza_severe_gse111368,2.2893,0.038308,True,0.8,59,130
stealth_confounded_inflam_immune,influenza_severe_gse111368,0.299,0.024681,True,0.9,59,130
lowcov_olfactory_1,influenza_severe_gse111368,0.0,1.0,False,0.06666666666666667,0,0
lowcov_olfactory_2,influenza_severe_gse111368,0.0,1.0,False,0.0,0,0
blind_durable_ifn_composite,influenza_severe_gse111368,1.5401,0.030719,True,0.96,59,130
blind_durable_hypoxia_core,influenza_severe_gse111368,1.5339,0.030669,True,0.9,59,130
blind_brittle_random,influenza_severe_gse111368,0.0,1.0,False,0.13333333333333333,0,0
blind_mixed_emt_stress,influenza_severe_gse111368,1.7526,0.03257,True,0.75,59,130
blind_confounded_prolif_inflam,influenza_severe_gse111368,1.9564,0.034569,True,0.85,59,130
blind_confounded_stealth_emt_immune,influenza_severe_gse111368,-0.2119,0.024563,False,0.55,59,130
blind_lowcov_keratin,influenza_severe_gse111368,0.0,1.0,False,0.0,0,0
schoggins_2011_irg,influenza_severe_gse111368,1.6701,0.031823,True,0.9079,59,130
hallmark_ifng_response,sle_pbmc_gse50772,1.1655,0.07352,True,0.9667,61,20
hallmark_ifna_response,sle_pbmc_gse50772,1.2436,0.074681,True,1.0,61,20
hallmark_inflammatory_response,sle_pbmc_gse50772,1.267,0.075044,True,0.9,61,20
hallmark_hypoxia,sle_pbmc_gse50772,1.3626,0.076595,True,0.9667,61,20
hallmark_e2f_targets,sle_pbmc_gse50772,0.7363,0.068481,True,1.0,61,20
hallmark_emt,sle_pbmc_gse50772,-0.0003,0.065135,False,1.0,61,20
hallmark_tnfa_nfkb,sle_pbmc_gse50772,1.2551,0.074859,True,0.9333,61,20
curated_senescence,sle_pbmc_gse50772,1.3811,0.076909,True,0.95,61,20
brittle_small_study_inflammation,sle_pbmc_gse50772,1.4784,0.078627,True,0.9,61,20
brittle_platform_specific,sle_pbmc_gse50772,0.2059,0.065396,True,0.45,61,20
brittle_single_tissue,sle_pbmc_gse50772,0.036,0.065143,True,0.95,61,20
brittle_overfit_noise,sle_pbmc_gse50772,-1.121,0.072891,False,1.0,61,20
mixed_emt_inflammation,sle_pbmc_gse50772,1.1478,0.073268,True,1.0,61,20
mixed_hypoxia_stress,sle_pbmc_gse50772,1.4957,0.078945,True,0.9,61,20
mixed_senescence_proliferation,sle_pbmc_gse50772,0.9463,0.070663,True,0.95,61,20
confounded_proliferation,sle_pbmc_gse50772,0.6627,0.067846,True,1.0,61,20
confounded_ribosomal,sle_pbmc_gse50772,0.5139,0.066765,True,0.8,61,20
confounded_immune_infiltrate,sle_pbmc_gse50772,-0.0735,0.065168,False,0.85,61,20
stealth_confounded_hypoxia_prolif,sle_pbmc_gse50772,0.997,0.071271,True,1.0,61,20
stealth_confounded_inflam_immune,sle_pbmc_gse50772,1.1233,0.072924,True,0.9,61,20
lowcov_olfactory_1,sle_pbmc_gse50772,-0.5602,0.067072,False,0.5333,61,20
lowcov_olfactory_2,sle_pbmc_gse50772,-0.0584,0.065156,False,0.6,61,20
blind_durable_ifn_composite,sle_pbmc_gse50772,1.1645,0.073506,True,1.0,61,20
blind_durable_hypoxia_core,sle_pbmc_gse50772,1.1901,0.073878,True,1.0,61,20
blind_brittle_random,sle_pbmc_gse50772,-0.7814,0.068904,False,0.8667,61,20
blind_mixed_emt_stress,sle_pbmc_gse50772,1.9232,0.087967,True,0.9,61,20
blind_confounded_prolif_inflam,sle_pbmc_gse50772,1.309,0.075711,True,0.95,61,20
blind_confounded_stealth_emt_immune,sle_pbmc_gse50772,0.1495,0.065273,True,1.0,61,20
blind_lowcov_keratin,sle_pbmc_gse50772,-0.5818,0.067225,False,0.8667,61,20
schoggins_2011_irg,sle_pbmc_gse50772,1.0773,0.072299,True,0.9342,61,20
hallmark_ifng_response,sle_blood_gse49454,1.7667,0.064704,True,1.0,157,20
hallmark_ifna_response,sle_blood_gse49454,1.89,0.065977,True,1.0,157,20
hallmark_inflammatory_response,sle_blood_gse49454,1.3275,0.060865,True,1.0,157,20
hallmark_hypoxia,sle_blood_gse49454,0.5156,0.056637,True,1.0,157,20
hallmark_e2f_targets,sle_blood_gse49454,0.4406,0.056435,True,1.0,157,20
hallmark_emt,sle_blood_gse49454,0.2634,0.056083,True,1.0,157,20
hallmark_tnfa_nfkb,sle_blood_gse49454,0.8987,0.058168,True,1.0,157,20
curated_senescence,sle_blood_gse49454,0.7689,0.057556,True,1.0,157,20
brittle_small_study_inflammation,sle_blood_gse49454,1.055,0.059031,True,1.0,157,20
brittle_platform_specific,sle_blood_gse49454,-0.899,0.05817,False,0.55,157,20
brittle_single_tissue,sle_blood_gse49454,-0.157,0.055956,False,1.0,157,20
brittle_overfit_noise,sle_blood_gse49454,-0.3019,0.056144,False,0.9333,157,20
mixed_emt_inflammation,sle_blood_gse49454,0.8915,0.058132,True,1.0,157,20
mixed_hypoxia_stress,sle_blood_gse49454,0.8438,0.057898,True,1.0,157,20
mixed_senescence_proliferation,sle_blood_gse49454,1.2349,0.060194,True,1.0,157,20
confounded_proliferation,sle_blood_gse49454,1.0456,0.058975,True,1.0,157,20
confounded_ribosomal,sle_blood_gse49454,-0.7566,0.057504,False,1.0,157,20
confounded_immune_infiltrate,sle_blood_gse49454,-0.3788,0.056292,False,1.0,157,20
stealth_confounded_hypoxia_prolif,sle_blood_gse49454,1.0602,0.059062,True,1.0,157,20
stealth_confounded_inflam_immune,sle_blood_gse49454,0.8759,0.058054,True,1.0,157,20
lowcov_olfactory_1,sle_blood_gse49454,0.0106,0.055887,True,0.9333,157,20
lowcov_olfactory_2,sle_blood_gse49454,-0.0245,0.055888,False,0.9333,157,20
blind_durable_ifn_composite,sle_blood_gse49454,1.8869,0.065944,True,1.0,157,20
blind_durable_hypoxia_core,sle_blood_gse49454,0.6224,0.056981,True,1.0,157,20
blind_brittle_random,sle_blood_gse49454,-0.0131,0.055887,False,0.9333,157,20
blind_mixed_emt_stress,sle_blood_gse49454,0.742,0.057442,True,1.0,157,20
blind_confounded_prolif_inflam,sle_blood_gse49454,1.5539,0.062707,True,1.0,157,20
blind_confounded_stealth_emt_immune,sle_blood_gse49454,0.1878,0.055986,True,1.0,157,20
blind_lowcov_keratin,sle_blood_gse49454,0.2994,0.05614,True,0.9333,157,20
schoggins_2011_irg,sle_blood_gse49454,1.8486,0.06554,True,0.9605,157,20
hallmark_ifng_response,psoriasis_skin_gse13355,3.7663,0.090592,True,1.0,58,64
hallmark_ifna_response,psoriasis_skin_gse13355,2.6805,0.061902,True,1.0,58,64
hallmark_inflammatory_response,psoriasis_skin_gse13355,3.2465,0.075651,True,0.9333,58,64
hallmark_hypoxia,psoriasis_skin_gse13355,1.973,0.04841,True,1.0,58,64
hallmark_e2f_targets,psoriasis_skin_gse13355,3.2827,0.076621,True,1.0,58,64
hallmark_emt,psoriasis_skin_gse13355,-1.2079,0.038436,False,1.0,58,64
hallmark_tnfa_nfkb,psoriasis_skin_gse13355,2.9071,0.067093,True,0.9667,58,64
curated_senescence,psoriasis_skin_gse13355,3.1155,0.072235,True,0.95,58,64
brittle_small_study_inflammation,psoriasis_skin_gse13355,2.7049,0.062442,True,0.95,58,64
brittle_platform_specific,psoriasis_skin_gse13355,-1.3749,0.040203,False,0.5,58,64
brittle_single_tissue,psoriasis_skin_gse13355,1.8844,0.047009,True,0.95,58,64
brittle_overfit_noise,psoriasis_skin_gse13355,-1.034,0.036837,False,1.0,58,64
mixed_emt_inflammation,psoriasis_skin_gse13355,0.5199,0.033564,True,1.0,58,64
mixed_hypoxia_stress,psoriasis_skin_gse13355,0.9888,0.036463,True,0.95,58,64
mixed_senescence_proliferation,psoriasis_skin_gse13355,4.8547,0.129046,True,0.95,58,64
confounded_proliferation,psoriasis_skin_gse13355,4.3544,0.110165,True,1.0,58,64
confounded_ribosomal,psoriasis_skin_gse13355,-1.425,0.040778,False,0.85,58,64
confounded_immune_infiltrate,psoriasis_skin_gse13355,2.1464,0.051338,True,0.9,58,64
stealth_confounded_hypoxia_prolif,psoriasis_skin_gse13355,2.4865,0.057794,True,1.0,58,64
stealth_confounded_inflam_immune,psoriasis_skin_gse13355,3.8298,0.092569,True,0.95,58,64
lowcov_olfactory_1,psoriasis_skin_gse13355,0.5913,0.033889,True,0.5333,58,64
lowcov_olfactory_2,psoriasis_skin_gse13355,0.8277,0.035264,True,0.6,58,64
blind_durable_ifn_composite,psoriasis_skin_gse13355,3.0325,0.070143,True,1.0,58,64
blind_durable_hypoxia_core,psoriasis_skin_gse13355,2.0037,0.04891,True,1.0,58,64
blind_brittle_random,psoriasis_skin_gse13355,-0.1248,0.03252,False,0.8667,58,64
blind_mixed_emt_stress,psoriasis_skin_gse13355,-1.9791,0.048509,False,0.95,58,64
blind_confounded_prolif_inflam,psoriasis_skin_gse13355,4.5623,0.117762,True,1.0,58,64
blind_confounded_stealth_emt_immune,psoriasis_skin_gse13355,-0.1653,0.032568,False,1.0,58,64
blind_lowcov_keratin,psoriasis_skin_gse13355,-0.0602,0.032471,False,0.8667,58,64
schoggins_2011_irg,psoriasis_skin_gse13355,2.9148,0.067276,True,0.9474,58,64
hallmark_ifng_response,psoriasis_skin_gse14905,2.4651,0.131946,True,1.0,33,21
hallmark_ifna_response,psoriasis_skin_gse14905,2.6548,0.14094,True,1.0,33,21
hallmark_inflammatory_response,psoriasis_skin_gse14905,0.2298,0.076169,True,0.9333,33,21
hallmark_hypoxia,psoriasis_skin_gse14905,-0.0932,0.07576,False,1.0,33,21
hallmark_e2f_targets,psoriasis_skin_gse14905,2.8324,0.149963,True,1.0,33,21
hallmark_emt,psoriasis_skin_gse14905,-0.9863,0.084687,False,1.0,33,21
hallmark_tnfa_nfkb,psoriasis_skin_gse14905,-0.6054,0.079074,False,0.9667,33,21
curated_senescence,psoriasis_skin_gse14905,0.2802,0.076407,True,0.95,33,21
brittle_small_study_inflammation,psoriasis_skin_gse14905,0.5974,0.078985,True,0.95,33,21
brittle_platform_specific,psoriasis_skin_gse14905,-0.6322,0.07938,False,0.5,33,21
brittle_single_tissue,psoriasis_skin_gse14905,-0.2437,0.07623,False,0.95,33,21
brittle_overfit_noise,psoriasis_skin_gse14905,-0.8386,0.082191,False,1.0,33,21
mixed_emt_inflammation,psoriasis_skin_gse14905,-0.3561,0.076854,False,1.0,33,21
mixed_hypoxia_stress,psoriasis_skin_gse14905,-1.3527,0.092622,False,0.95,33,21
mixed_senescence_proliferation,psoriasis_skin_gse14905,2.1236,0.117435,True,0.95,33,21
confounded_proliferation,psoriasis_skin_gse14905,2.9485,0.156176,True,1.0,33,21
confounded_ribosomal,psoriasis_skin_gse14905,-0.47,0.077726,False,0.85,33,21
confounded_immune_infiltrate,psoriasis_skin_gse14905,1.3836,0.093405,True,0.9,33,21
stealth_confounded_hypoxia_prolif,psoriasis_skin_gse14905,0.1291,0.075834,True,1.0,33,21
stealth_confounded_inflam_immune,psoriasis_skin_gse14905,0.5068,0.078058,True,0.95,33,21
lowcov_olfactory_1,psoriasis_skin_gse14905,0.0935,0.075761,True,0.5333,33,21
lowcov_olfactory_2,psoriasis_skin_gse14905,0.1492,0.075886,True,0.6,33,21
blind_durable_ifn_composite,psoriasis_skin_gse14905,2.6076,0.138637,True,1.0,33,21
blind_durable_hypoxia_core,psoriasis_skin_gse14905,-0.2284,0.076163,False,1.0,33,21
blind_brittle_random,psoriasis_skin_gse14905,-0.0372,0.075693,False,0.8667,33,21
blind_mixed_emt_stress,psoriasis_skin_gse14905,-2.2234,0.121452,False,0.95,33,21
blind_confounded_prolif_inflam,psoriasis_skin_gse14905,1.6757,0.101678,True,1.0,33,21
blind_confounded_stealth_emt_immune,psoriasis_skin_gse14905,-0.2134,0.076102,False,1.0,33,21
blind_lowcov_keratin,psoriasis_skin_gse14905,-0.4234,0.077339,False,0.8667,33,21
schoggins_2011_irg,psoriasis_skin_gse14905,2.4307,0.130384,True,0.9474,33,21
hallmark_ifng_response,dengue_blood_gse51808,1.0668,0.155935,True,1.0,28,9
hallmark_ifna_response,dengue_blood_gse51808,1.1648,0.158892,True,1.0,28,9
hallmark_inflammatory_response,dengue_blood_gse51808,-0.4429,0.143207,False,0.9667,28,9
hallmark_hypoxia,dengue_blood_gse51808,1.2282,0.16094,True,1.0,28,9
hallmark_e2f_targets,dengue_blood_gse51808,2.6905,0.238379,True,1.0,28,9
hallmark_emt,dengue_blood_gse51808,-0.0036,0.140556,False,1.0,28,9
hallmark_tnfa_nfkb,dengue_blood_gse51808,-0.4719,0.143565,False,1.0,28,9
curated_senescence,dengue_blood_gse51808,2.921,0.255859,True,1.0,28,9
brittle_small_study_inflammation,dengue_blood_gse51808,-0.3204,0.141943,False,1.0,28,9
brittle_platform_specific,dengue_blood_gse51808,-0.7663,0.148491,False,0.6,28,9
brittle_single_tissue,dengue_blood_gse51808,-0.1685,0.14094,False,0.95,28,9
brittle_overfit_noise,dengue_blood_gse51808,-1.2661,0.162219,False,1.0,28,9
mixed_emt_inflammation,dengue_blood_gse51808,0.3134,0.141884,True,1.0,28,9
mixed_hypoxia_stress,dengue_blood_gse51808,0.9984,0.154027,True,1.0,28,9
mixed_senescence_proliferation,dengue_blood_gse51808,4.853,0.458827,True,1.0,28,9
confounded_proliferation,dengue_blood_gse51808,3.0108,0.263059,True,1.0,28,9
confounded_ribosomal,dengue_blood_gse51808,-0.7394,0.147945,False,1.0,28,9
confounded_immune_infiltrate,dengue_blood_gse51808,-0.268,0.141527,False,0.95,28,9
stealth_confounded_hypoxia_prolif,dengue_blood_gse51808,2.4713,0.223089,True,1.0,28,9
stealth_confounded_inflam_immune,dengue_blood_gse51808,0.0971,0.140683,True,0.95,28,9
lowcov_olfactory_1,dengue_blood_gse51808,0.0464,0.140585,True,0.5333,28,9
lowcov_olfactory_2,dengue_blood_gse51808,-0.2857,0.141659,False,0.6,28,9
blind_durable_ifn_composite,dengue_blood_gse51808,1.005,0.154204,True,1.0,28,9
blind_durable_hypoxia_core,dengue_blood_gse51808,0.9586,0.152973,True,1.0,28,9
blind_brittle_random,dengue_blood_gse51808,-0.5809,0.145115,False,0.9333,28,9
blind_mixed_emt_stress,dengue_blood_gse51808,0.7957,0.149113,True,1.0,28,9
blind_confounded_prolif_inflam,dengue_blood_gse51808,3.6157,0.317218,True,1.0,28,9
blind_confounded_stealth_emt_immune,dengue_blood_gse51808,0.3093,0.141849,True,1.0,28,9
blind_lowcov_keratin,dengue_blood_gse51808,-0.5472,0.144603,False,1.0,28,9
schoggins_2011_irg,dengue_blood_gse51808,0.9324,0.152305,True,0.9605,28,9
